"URI (segment de base https://rdf.archives-nationales.culture.gouv.fr/","Identifiant de l’agent dans le référentiel FRAN_RI_013 du SI des Archives nationales","Nom de la classe RiC-O d’appartenance","Forme privilégiée du nom de l’agent","Autres formes du nom de l’agent","Date de début d’existence (rico:beginningDate)","Date de fin d’existence (rico:endDate)","Histoire de l’agent (rico:history)","Identifiant ISNI","Identifiant de l’agent dans le référentiel des producteurs des Archives nationales","URI BnF"
"agent/FRAN_RI_013-d3m0bo5bn1m--3uc71qbffguy","d3m0bo5bn1m--3uc71qbffguy","CorporateBody","Académie d'agriculture de France","Société nationale d'agriculture de France | Société royale et centrale d'agriculture (France) | Société d'agriculture du département de la Seine | Société d'agriculture de France | Société royale d'agriculture (France) | Société d'agriculture de Paris",,,"Créée en 1761.",,,
"agent/FRAN_RI_013-d-4sb5qi1k2--6ikuparcy4x5","d-4sb5qi1k2--6ikuparcy4x5","CorporateBody","Académie Goncourt","Société Littéraire des Goncourt",,,,"0000000121514797",,"https://data.bnf.fr/ark:/12148/cb12013737n#about"
"agent/FRAN_RI_013-d3m0bo6656c--17bu9svhit9tz","d3m0bo6656c--17bu9svhit9tz","CorporateBody","Accord général sur les tarifs douaniers et le commerce","General Agreement on Tariffs and Trade | GATT",,,"1948-1994. Remplacé par l'Organisation mondiale du commerce.",,,
"agent/FRAN_RI_013-d3m0bo5rdxr--hingcirpadlt","d3m0bo5rdxr--hingcirpadlt","CorporateBody","Action directe (France)",,,,,,,
"agent/FRAN_RI_013-d3m0bo620mb-1ocl5hld8yszy","d3m0bo620mb-1ocl5hld8yszy","CorporateBody","Action française",,,,,,,
"agent/FRAN_RI_013-d3m0bo5s04e-7h9fuajt5qkk","d3m0bo5s04e-7h9fuajt5qkk","CorporateBody","Administration politique d'Etat (URSS)","GPU | Guépéou",,,"Police politique soviétique : remplace la Tchéka en 1922 et est absorbée par le NKVD en 1934.",,,
"agent/FRAN_RI_013-d3m0bo6ae39--1pkhjfe3bmetq","d3m0bo6ae39--1pkhjfe3bmetq","CorporateBody","ADOMA","SONACOTRA | Société nationale de construction de logements pour les travailleurs (France)",,,,,,
"agent/FRAN_RI_013-d3m0bo6maq5-wt8pkpbm3foc","d3m0bo6maq5-wt8pkpbm3foc","CorporateBody","Aéroports de Paris",,,,,,,
"agent/FRAN_RI_013-d3m0bo5zpfe-ny0xyiz0nwh","d3m0bo5zpfe-ny0xyiz0nwh","CorporateBody","Agence de l'environnement et de la maîtrise de l'énergie (France)","ADEME",,,"Etablissement public créé en 1991. Résulte de la fusion de l'Agence française pour la maîtrise de l'énergie, de l'Agence pour la qualité de l'air et de l'Agence nationale pour la récupération et l'élimination des déchets.",,,
"agent/FRAN_RI_013-d3m0bo6td20--1iv905o5cktl4","d3m0bo6td20--1iv905o5cktl4","CorporateBody","Agence française de lutte contre le dopage","Conseil de prévention et de lutte contre le dopage | Laboratoire national de dépistage du dopage",,,,,,
"agent/FRAN_RI_013-d3m0bo6fq82--1nivdl0wzfjpm","d3m0bo6fq82--1nivdl0wzfjpm","CorporateBody","Agence internationale de l'énergie atomique","AIEA",,,"Agence des Nations Unies créé en 1957.",,,
"agent/FRAN_RI_013-d3m0bo6irk8--s6hrt7v82yub","d3m0bo6irk8--s6hrt7v82yub","CorporateBody","Agence nationale de lutte contre l'illettrisme (France)","Groupe permanent de lutte contre l'illettrisme (France)",,,"Groupe permanent de lutte contre l'illettrisme : 1984-2000. Agence nationale de lutte contre l'illettrisme : 2000-....",,,
"agent/FRAN_RI_013-d3m0bo5m1sy--86cg7z3hqx4q","d3m0bo5m1sy--86cg7z3hqx4q","CorporateBody","Agence nationale des fréquences (France)",,,,"Etablissement public créé en 1997.",,,
"agent/FRAN_RI_013-d3m0bo6qxi8-156lczgq098rg","d3m0bo6qxi8-156lczgq098rg","CorporateBody","Agence nationale de valorisation de la recherche (France)","ANVAR",,,"Etablissement public créé en 1967.",,,
"agent/FRAN_RI_013-d3m0bo6265z-n080it0lls3b","d3m0bo6265z-n080it0lls3b","CorporateBody","Agence nationale pour la gestion des déchets radioactifs (France)","ANDRA",,,,,,
"agent/FRAN_RI_013-d3m0bo5t3ca--1nhrfvfmjdo9p","d3m0bo5t3ca--1nhrfvfmjdo9p","CorporateBody","Agence nationale pour le développement de l'éducation permanente (France)",,,,"Etablissement public créé en 1973.",,,
"agent/FRAN_RI_013-d3m0bo5728v--wni84adjfu06","d3m0bo5728v--wni84adjfu06","CorporateBody","Agence nationale pour le développement de la productique appliquée (France)",,,,,,,
"agent/FRAN_RI_013-d3m0bo55obx-bletd1q6g7wd","d3m0bo55obx-bletd1q6g7wd","CorporateBody","Agence pour la coopération technique, industrielle et économique (France)",,,,,,,
"agent/FRAN_RI_013-d3m0bo5fa65--j3mo1i915inv","d3m0bo5fa65--j3mo1i915inv","CorporateBody","Agence pour la sécurité de la navigation aérienne en Afrique et à Madagascar","ASECNA",,,,,,
"agent/FRAN_RI_013-d3m0bo6zgiu--10nvg5snh185k","d3m0bo6zgiu--10nvg5snh185k","CorporateBody","Agence spatiale européenne","European Space Agency | ESA",,,,,,
"agent/FRAN_RI_013-d3m0bo6xfmq-x9o2h6o1kiuh","d3m0bo6xfmq-x9o2h6o1kiuh","CorporateBody","AgroParistech","Institut des sciences et industries du vivant et de l'environnement (France) | Institution royale agronomique (France) | Ecole nationale supérieure d'agriculture (France) | Institut national agronomique (France)",,,"Créé le 1er janvier 2007, AgroParisTech est le fruit de l’alliance de trois Grandes Ecoles d’ingénieurs : l'Ecole nationale du génie rural, des eaux et des forêts (ENGREF), l'Ecole nationale supérieure des industries agricoles et alimentaires (ENSIA), l'Institut national agronomique Paris-Grignon (INA P-G).",,,
"agent/FRAN_RI_013-d3m0bo6auq9-ht5mowbivzim","d3m0bo6auq9-ht5mowbivzim","CorporateBody","Airbus",,,,,,,
"agent/FRAN_RI_013-d3m0bo58wss--1gtohxupzqciq","d3m0bo58wss--1gtohxupzqciq","CorporateBody","Air-Inter",,,,,,,
"agent/FRAN_RI_013-d3m0bo57i3b--12pjzgoczgl94","d3m0bo57i3b--12pjzgoczgl94","CorporateBody","Air Polynésie",,,,,,,
"agent/FRAN_RI_013-d3m0bo64bey-12pf5lfvw0d63","d3m0bo64bey-12pf5lfvw0d63","CorporateBody","Allemagne (1871-1945). Geheime Staatspolizei","Geheime Staatspolizei (Allemagne , 1871-1945) | Gestapo (Allemagne , 1871-1945)",,,,,,
"agent/FRAN_RI_013-d3m0bo5dg0i-1x9vmh378vq7f","d3m0bo5dg0i-1x9vmh378vq7f","CorporateBody","Amoco Cadiz (navire)",,,,,,,
"agent/FRAN_RI_013-d3m0bo6mfha--10x16apavmly8","d3m0bo6mfha--10x16apavmly8","CorporateBody","Arte France",,,,,,,
"agent/FRAN_RI_013-d3m0bo6wtg3-18j9nidd75b76","d3m0bo6wtg3-18j9nidd75b76","CorporateBody","Arts et métiers ParisTech","ENSAM | Ecole nationale supérieure des arts et métiers (Paris)",,,"Créé en 1780.",,,
"agent/FRAN_RI_013-d3m0bo6km45-o3n7rn4stqnc","d3m0bo6km45-o3n7rn4stqnc","CorporateBody","Assistance Publique–Hôpitaux de Paris","AP-HP",,,,,,
"agent/FRAN_RI_013-d3m0bo5dwnh-rfxvwua5xc48","d3m0bo5dwnh-rfxvwua5xc48","CorporateBody","Association des maires de France",,,,"Créée en 1907.",,,
"agent/FRAN_RI_013-d3m0bo5r7zt--1ox50hfix3hpk","d3m0bo5r7zt--1ox50hfix3hpk","CorporateBody","Association européenne de libre-échange","AELE",,,,,,
"agent/FRAN_RI_013-d3m0bo53jvg-xw6373ctgi37","d3m0bo53jvg-xw6373ctgi37","CorporateBody","Association française de normalisation","AFNOR",,,,,,
"agent/FRAN_RI_013-d3m0bo5hfte--1qgdys24h6aix","d3m0bo5hfte--1qgdys24h6aix","CorporateBody","Association nationale pour la formation professionnelle des adultes (France)","AFPA",,,,,,
"agent/FRAN_RI_013-d3m0bo6whyi--1d9gf84529ij6","d3m0bo6whyi--1d9gf84529ij6","CorporateBody","Association nationale pour le développement agricole en France",,,,,,,
"agent/FRAN_RI_013-d3m0bo66wie--1ctyt707nds1v","d3m0bo66wie--1ctyt707nds1v","CorporateBody","Automobiles Peugeot","Peugeot SA | PSA",,,,,,
"agent/FRAN_RI_013-d3m0bo6nip6--xyxdgj0coufn","d3m0bo6nip6--xyxdgj0coufn","CorporateBody","Banque de France",,,,,,,
"agent/FRAN_RI_013-d3m0bo708nf--4jfqtcvl9ysq","d3m0bo708nf--4jfqtcvl9ysq","CorporateBody","Banque de l'Algérie","Banque de l'Algérie et de la Tunisie",,,"1851-1962",,,
"agent/FRAN_RI_013-d3m0bo6pdnd-1s0nc0t1n4q02","d3m0bo6pdnd-1s0nc0t1n4q02","CorporateBody","Bételgeuse (navire)",,,,,,,
"agent/FRAN_RI_013-d3m0bo5gtmr-14xlgddifugmj","d3m0bo5gtmr-14xlgddifugmj","CorporateBody","Bibliothèque nationale de France","BnF",,,,,,
"agent/FRAN_RI_013-d3m0bo52hg3--1h3vj7i0f4mmo","d3m0bo52hg3--1h3vj7i0f4mmo","CorporateBody","Boehlen (navire)",,,,,,,
"agent/FRAN_RI_013-d-2cei798cu--1ai3fimd77ag3","d-2cei798cu--1ai3fimd77ag3","CorporateBody","Bonfils, Michel, Souvraz et Cie",,,,,,,
"agent/FRAN_RI_013-d3m0bo6xa33--jg6l3sjie1oc","d3m0bo6xa33--jg6l3sjie1oc","CorporateBody","Bourse d'échange de logements (Paris)",,,,,,,
"agent/FRAN_RI_013-d3m0bo5aqk6--1ghze9agv6xrj","d3m0bo5aqk6--1ghze9agv6xrj","CorporateBody","Brigades internationales (Guerre civile espagnole , 1936-1939)",,,,,,,
"agent/FRAN_RI_013-d3m0bo5bbya--ngj8f6vqa3r1","d3m0bo5bbya--ngj8f6vqa3r1","CorporateBody","Brigades rouges (Italie)","Brigate rosse (Italie)",,,,,,
"agent/FRAN_RI_013-d3m0bo6898j-15l1topx4oie7","d3m0bo6898j-15l1topx4oie7","CorporateBody","Bugaled Breizh (navire)",,,,,,,
"agent/FRAN_RI_013-d3m0bo6jiwa--1p45u73ewmjsv","d3m0bo6jiwa--1p45u73ewmjsv","CorporateBody","Bull",,,,,,,
"agent/FRAN_RI_013-d3m0bo5mi1o-12lrb49jr87ho","d3m0bo5mi1o-12lrb49jr87ho","CorporateBody","Bureau d'études des postes et télécommunications d'Outre-mer (France)","Office central des postes et télécommunications d'Outre-mer (France) | BEPTOM",,,,,,
"agent/FRAN_RI_013-d3m0bo6a8jm-t2r7q4zpktuf","d3m0bo6a8jm-t2r7q4zpktuf","CorporateBody","Bureau de recherches géologiques et minières (France)","BRGM",,,,,,
"agent/FRAN_RI_013-d3m0bo68es7--1c99l1do01bpg","d3m0bo68es7--1c99l1do01bpg","CorporateBody","Bureau Veritas",,,,,,,
"agent/FRAN_RI_013-d3m0bo6w0xa-1b9q5589oh4cz","d3m0bo6w0xa-1b9q5589oh4cz","CorporateBody","Caisse des dépôts (France)","Caisse des dépôts et consignations (France)",,,"Créée en 1816. Code monétaire et financier Art. L 518-2 à L 518-3.",,,
"agent/FRAN_RI_013-d3m0bo6vuzc-49p97zadsnkd","d3m0bo6vuzc-49p97zadsnkd","CorporateBody","Caisse d’aide à l’équipement des collectivités locales (France)",,,,"Créée en 1966 pour compléter les financements de la Caisse des dépôts et consignations. Elle est remplacée par le Crédit local de France en 1987 puis par Dexia en 1996.",,,
"agent/FRAN_RI_013-d3m0bo5yvbj-eutgmajgbwe8","d3m0bo5yvbj-eutgmajgbwe8","CorporateBody","Caisse nationale des caisses d'épargne (France)",,,,"Le groupe Caisse d'épargne a fusionné en 2009 avec le groupe Banque Populaire pour devenir le groupe BPCE.",,,
"agent/FRAN_RI_013-d3m0bo5sblz-oao1h72q4osf","d3m0bo5sblz-oao1h72q4osf","CorporateBody","Canal +",,,,,,,
"agent/FRAN_RI_013-d3m0bo6esy4-jra5skbo4mrs","d3m0bo6esy4-jra5skbo4mrs","CorporateBody","Carrefour international de la communication (France)",,,,"Etablissement public créé par la loi n°84-409 du 1er juin 1984, supprimé par la loi n°86-1067 du 30 septembre 1986.",,,
"agent/FRAN_RI_013-d3m0bo58a7v-1h9oqjokt5c9g","d3m0bo58a7v-1h9oqjokt5c9g","CorporateBody","Casa de Velázquez (Madrid)",,,,,,,
"agent/FRAN_RI_013-d3m0bo6e17t-rg3xudkcashv","d3m0bo6e17t-rg3xudkcashv","CorporateBody","CEA industrie",,,,"Société anonyme, absorbée par Areva en 2001.",,,
"agent/FRAN_RI_013-d3m0bo5vbrc-7gdh5izu6wjt","d3m0bo5vbrc-7gdh5izu6wjt","CorporateBody","Centre d'études des systèmes et des technologies avancées (France)","CESTA",,,,,,
"agent/FRAN_RI_013-d3m0bo5f4mi-1wbwpekpjodls","d3m0bo5f4mi-1wbwpekpjodls","CorporateBody","Centre d'études et de recherches sur les qualifications (France)","CEREQ",,,,,,
"agent/FRAN_RI_013-d3m0bo69saw--o7gxkfqdf42r","d3m0bo69saw--o7gxkfqdf42r","CorporateBody","Centre d'information et de documentation jeunesse (Paris)","CIDJ",,,,,,
"agent/FRAN_RI_013-d3m0bo5idvw-1dsbj5xeu3qff","d3m0bo5idvw-1dsbj5xeu3qff","CorporateBody","Centre de hautes études administratives sur l'Afrique et l'Asie modernes (France)","CHEAM",,,"1936-1973.",,,
"agent/FRAN_RI_013-d3m0bo6s3hy--wbtzmj4mmc2x","d3m0bo6s3hy--wbtzmj4mmc2x","CorporateBody","Centre des monuments nationaux (France)","CNMHS | Caisse nationale des monuments historiques et des sites (France)",,,,,,
"agent/FRAN_RI_013-d3m0bo5myon-y0zg286qju4n","d3m0bo5myon-y0zg286qju4n","CorporateBody","Centre national d'art et de culture Georges-Pompidou (Paris)","Centre Pompidou (Paris) | Centre Beaubourg (Paris) | CNACGP",,,,,,
"agent/FRAN_RI_013-d3m0bo5zuz2-1eykdhmtsm872","d3m0bo5zuz2-1eykdhmtsm872","CorporateBody","Centre national d'enseignement à distance (France)","Centre national de télé-enseignement (France) | Centre national d'enseignement par correspondance (France) | CNED",,,,,,
"agent/FRAN_RI_013-d3m0bo5gz6f-13cnycyza9hmo","d3m0bo5gz6f-13cnycyza9hmo","CorporateBody","Centre national d'études et d'expérimentation de machinisme agricole (France)",,,,"1955-1981.",,,
"agent/FRAN_RI_013-d3m0bo5k6ur-x5mzdsxewhu6","d3m0bo5k6ur-x5mzdsxewhu6","CorporateBody","Centre national d'études spatiales (France)","CNES",,,,,,
"agent/FRAN_RI_013-d3m0bo57z4k-4w77ft398883","d3m0bo57z4k-4w77ft398883","CorporateBody","Centre national de documentation pédagogique (France)","OFRATEME | Office français des techniques modernes d'éducation | CNDP",,,,,,
"agent/FRAN_RI_013-d3m0bo558hg--vzw3s7ewvl5q","d3m0bo558hg--vzw3s7ewvl5q","CorporateBody","Centre national de la recherche scientifique (France)","CNRS",,,"Créé en 1939.",,,
"agent/FRAN_RI_013-d3m0bo64rno-39jd6ea9pmmk","d3m0bo64rno-39jd6ea9pmmk","CorporateBody","Centre national de la recherche scientifique (France). Comité national de la recherche scientifique",,,,,,,
"agent/FRAN_RI_013-d3m0bo5mnzl-1ell6v4z7rgql","d3m0bo5mnzl-1ell6v4z7rgql","CorporateBody","Centre national des arts plastiques (France)","CNAP",,,,,,
"agent/FRAN_RI_013-d3m0bo52mzr--3lq9byxbjeie","d3m0bo52mzr--3lq9byxbjeie","CorporateBody","Centre national des expositions et concours agricoles (France)",,,,,,,
"agent/FRAN_RI_013-d3m0bo5c3ol--vjtoonwbkws9","d3m0bo5c3ol--vjtoonwbkws9","CorporateBody","Centre national des oeuvres universitaires et scolaires (France)","CNOUS",,,,,,
"agent/FRAN_RI_013-d3m0bo6gc0g-aauudb34db2f","d3m0bo6gc0g-aauudb34db2f","CorporateBody","Centre national pour l'aménagement des structures des exploitations agricoles (France)","CNASEA",,,,,,
"agent/FRAN_RI_013-d3m0bo597w3--4g6yu17gxagi","d3m0bo597w3--4g6yu17gxagi","CorporateBody","Centre national pour l'exploitation des océans (France)","CNEXO",,,"1967-1984. Fusion avec l'Institut scientifique et technique des pêches maritimes (ISTPM) pour donner naissance à l'Institut français de recherche pour l'exploitation de la mer (IFREMER).",,,
"agent/FRAN_RI_013-d3m0bo6owm4--lctjbfmgcq81","d3m0bo6owm4--lctjbfmgcq81","CorporateBody","Centre scientifique et technique du bâtiment (France)",,,,"Etablissement public créé en 1947.",,,
"agent/FRAN_RI_013-d3m0bo5h4q3-zdd5uxlg98ii","d3m0bo5h4q3-zdd5uxlg98ii","CorporateBody","CERN","Centre européen de recherche nucléaire | Organisation européenne pour la recherche nucléaire",,,"Créé en 1954.",,,
"agent/FRAN_RI_013-d3m0bo6bgww--p5fun264ukmn","d3m0bo6bgww--p5fun264ukmn","CorporateBody","Chapelle Darblay",,,,"Chapelle Darblay est une usine spécialisée dans la fabrication de papier journal à partir de fibres 100 % recyclées.",,,
"agent/FRAN_RI_013-d-4j83mir5i--hy2pdo13cjwx","d-4j83mir5i--hy2pdo13cjwx","CorporateBody","Chapitre cathédral (Paris)","Chapitre de Notre-Dame (Paris) | Chapitre de l'Église de Paris",,,,,,"https://data.bnf.fr/ark:/12148/cb13543552m#about"
"agent/FRAN_RI_013-d3m0bo5qlt6-oph5z0l1sowo","d3m0bo5qlt6-oph5z0l1sowo","CorporateBody","Charbonnages de France",,,,"1946-2008.",,,
"agent/FRAN_RI_013-d3m0bo5t9a7--1vteh7o2f2shq","d3m0bo5t9a7--1vteh7o2f2shq","CorporateBody","Cité des sciences et de l'industrie (Paris)",,,,"Etablissement public créé en 1985.",,,
"agent/FRAN_RI_013-d3m0bo638zl-64e34e7ejeiw","d3m0bo638zl-64e34e7ejeiw","CorporateBody","Cité internationale universitaire (Paris)",,,,,,,
"agent/FRAN_RI_013-d3m0bo54xse--iasf9ahqtrpu","d3m0bo54xse--iasf9ahqtrpu","CorporateBody","Citroën",,,,,,,
"agent/FRAN_RI_013-d3m0bo6c2b0--10domehyt89qw","d3m0bo6c2b0--10domehyt89qw","CorporateBody","COFACE","Compagnie française d'assurance pour le commerce extérieur",,,"Créé en 1946. Privatisé en 1994. Filiale du groupe Natixis.",,,
"agent/FRAN_RI_013-d3m0bo5knw0--11yw7kodhvc7","d3m0bo5knw0--11yw7kodhvc7","CorporateBody","Comédie-Française (Paris)",,,,,,,
"agent/FRAN_RI_013-d3m0bo6k5h6--16lx27bw1q6j3","d3m0bo6k5h6--16lx27bw1q6j3","CorporateBody","Comité d'organisation des jeux olympiques",,,,,,,
"agent/FRAN_RI_013-d3m0bo5g71v-ou4pnsj86742","d3m0bo5g71v-ou4pnsj86742","CorporateBody","Comité international olympique",,,,,,,
"agent/FRAN_RI_013-d3m0bo525yi-12btna6fzf4wu","d3m0bo525yi-12btna6fzf4wu","CorporateBody","Comité olympique français",,,,,,,
"agent/FRAN_RI_013-d3m0bo5g1wg--rv9o60c7jeyq","d3m0bo5g1wg--rv9o60c7jeyq","CorporateBody","Comité secret d'action révolutionnaire (France)","La Cagoule (France)",,,,,,
"agent/FRAN_RI_013-d3m0bo5i8c8--5n872boxa7l","d3m0bo5i8c8--5n872boxa7l","CorporateBody","Commissariat à l'énergie atomique et aux énergies alternatives (France)","Commissariat à l'énergie atomique (France) | CEA",,,,,,
"agent/FRAN_RI_013-d3m0bo5lvv1--1mhf2ixohtjtj","d3m0bo5lvv1--1mhf2ixohtjtj","CorporateBody","Commissariat à l'énergie solaire (France)","COMES",,,,,,
"agent/FRAN_RI_013-d3m0bo6czkz--s9maxzcsa8hn","d3m0bo6czkz--s9maxzcsa8hn","CorporateBody","Commission européenne des droits de l'homme",,,,"Commission dépendant du Conseil de l'Europe, ayant fonctionné de 1954 à 1999.",,,
"agent/FRAN_RI_013-d3m0bo5jw5p--ogyadzgqd0ip","d3m0bo5jw5p--ogyadzgqd0ip","CorporateBody","Commonwealth",,,,,,,
"agent/FRAN_RI_013-d3m0bo6ibbi--h0a68batgxw","d3m0bo6ibbi--h0a68batgxw","CorporateBody","Communauté des Etats indépendants","CEI",,,"Créée en décembre 1991, la CEI comprend l'Arménie, l'Azerbaïdjan, la Biélorussie, la Géorgie, le Kazakhstan, le Kirghizstan, la Moldavie, l'Ouzbékistan, la Russie, le Tadjikistan, le Turkménistan, l'Ukraine.",,,
"agent/FRAN_RI_013-d3m0bo5m7cm--9pgv7ef0rsh1","d3m0bo5m7cm--9pgv7ef0rsh1","CorporateBody","Communauté européenne","CEE",,,"La Communauté européenne a remplacé la CEE (traité de Maastricht - 1992) avec des compétences supranationales étendues.",,,
"agent/FRAN_RI_013-d3m0bo62h9a--1wpvedgfdtizc","d3m0bo62h9a--1wpvedgfdtizc","CorporateBody","Communauté européenne de défense",,,,,,,
"agent/FRAN_RI_013-d3m0bo66aq0-korngcfi8hd4","d3m0bo66aq0-korngcfi8hd4","CorporateBody","Communauté européenne de l'énergie atomique","CEEA | EURATOM",,,"Créée par le traité de Rome ( 25 mars 1957).",,,
"agent/FRAN_RI_013-d3m0bo6g6gs-90qjuy245hbd","d3m0bo6g6gs-90qjuy245hbd","CorporateBody","Communauté européenne du charbon et de l'acier","CECA",,,"Créée par le traité de Paris (18 avril 1951) - conclue pour 50 ans, elle a pris fin en 2001 et a été intégrée dans l'Union européenne.",,,
"agent/FRAN_RI_013-d3m0bo5v67o-5rc8o7wqdd3e","d3m0bo5v67o-5rc8o7wqdd3e","CorporateBody","Communauté française (1958-1960)",,,,,,,
"agent/FRAN_RI_013-d3m0bo6fkof--1menwkhoiwc3l","d3m0bo6fkof--1menwkhoiwc3l","CorporateBody","Communautés européennes",,,,"Désigne les trois communautés européennes (CEE, CECA, EURATOM).",,,
"agent/FRAN_RI_013-d3m0bo6e6rh--1d1br47834iq7","d3m0bo6e6rh--1d1br47834iq7","CorporateBody","Compagnie des messageries maritimes","Messageries maritimes (France)",,,"Créée en 1851",,,
"agent/FRAN_RI_013-d-4fcxvmk4x-w7cwq0fsr6h0","d-4fcxvmk4x-w7cwq0fsr6h0","CorporateBody","Compagnie des mines et usines de Bône (1845-....)","Eugène de Bassano et Cie","1845-12-19",,,,,
"agent/FRAN_RI_013-d3m0bo52xot--qku81bcerp34","d3m0bo52xot--qku81bcerp34","CorporateBody","Compagnie générale maritime","Compagnie générale transatlantique (Paris) | CGM",,,"Créée en 1855.",,,
"agent/FRAN_RI_013-d-4kznpmvlm--poahlv4c5vcn","d-4kznpmvlm--poahlv4c5vcn","CorporateBody","Compagnie Immobilière",,,,,,,
"agent/FRAN_RI_013-d3m0bo6xwnz--1uho5cu6awgva","d3m0bo6xwnz--1uho5cu6awgva","CorporateBody","Compagnie nationale du Rhône",,,,,,,
"agent/FRAN_RI_013-d3m0bo5xlrh-wac96ms5uvxi","d3m0bo5xlrh-wac96ms5uvxi","CorporateBody","Confédération française démocratique du travail","CFDT",,,,,,
"agent/FRAN_RI_013-d3m0bo65dub--8027uudwz7p9","d3m0bo65dub--8027uudwz7p9","CorporateBody","Confédération française des travailleurs chrétiens","CFTC",,,,,,
"agent/FRAN_RI_013-d3m0bo640bm--a3vuzua28hev","d3m0bo640bm--a3vuzua28hev","CorporateBody","Confédération générale du travail (France)","CGT",,,,,,
"agent/FRAN_RI_013-d3m0bo5dav3--1xp1kra6okgvf","d3m0bo5dav3--1xp1kra6okgvf","CorporateBody","Conférence des Nations Unies sur l'environnement (1972 , Stockholm)",,,,,,,
"agent/FRAN_RI_013-d3m0bo5i201--11k38n596qbok","d3m0bo5i201--11k38n596qbok","CorporateBody","Conférence des Nations Unies sur le commerce et le développement","CNUCED",,,,,,
"agent/FRAN_RI_013-d3m0bo5kicc-vm6zif2nnb9","d3m0bo5kicc-vm6zif2nnb9","CorporateBody","Conseil de l'Europe",,,,"Organisation intergouvernementale créée par le Traité de Londres (5 mai 1949).",,,
"agent/FRAN_RI_013-d3m0bo6xqq2--1slw56qahb1ve","d3m0bo6xqq2--1slw56qahb1ve","CorporateBody","Conseil international des archives",,,,,,,
"agent/FRAN_RI_013-d3m0bo54h5f--1wb1u27klj95u","d3m0bo54h5f--1wb1u27klj95u","CorporateBody","Conseil international des monuments et des sites","ICOMOS",,,,,,
"agent/FRAN_RI_013-d3m0bo60mb3-1vyla0doe3ozn","d3m0bo60mb3-1vyla0doe3ozn","CorporateBody","Conservatoire national des arts et métiers (France)","CNAM",,,"Créé en 1794.",,,
"agent/FRAN_RI_013-d3m0bo6hjl7--v2yyx7xzpm9h","d3m0bo6hjl7--v2yyx7xzpm9h","CorporateBody","Conservatoire national supérieur de musique et de danse de Lyon",,,,,,,
"agent/FRAN_RI_013-d3m0bo5ffpt-18v666sfeg6us","d3m0bo5ffpt-18v666sfeg6us","CorporateBody","Cour européenne des droits de l'homme",,,,,,,
"agent/FRAN_RI_013-d3m0bo60s91--1m3fiwsot6zym","d3m0bo60s91--1m3fiwsot6zym","CorporateBody","Covens et Mortier",,,,,,,
"agent/FRAN_RI_013-d3m0bo5eods-lg6s0dn1l1oa","d3m0bo5eods-lg6s0dn1l1oa","CorporateBody","Crédit agricole","Caisse nationale de crédit agricole | Office national de crédit agricole",,,"Créé en 1920.",,,
"agent/FRAN_RI_013-d-b2xrxy963-1c2nhyt67aa0t","d-b2xrxy963-1c2nhyt67aa0t","CorporateBody","Crédit foncier de France","Crédit foncier","1850-01-01",,,,,
"agent/FRAN_RI_013-d3m0bo69mr8-1tp3txtei3s4g","d3m0bo69mr8-1tp3txtei3s4g","CorporateBody","Crédit local de France",,,,"Créé en 1987 en remplacement de la Caisse d’aide à l’équipement des collectivités locales. Il fusionne en 1996 avec le Crédit communal de Belgique et devient Dexia.",,,
"agent/FRAN_RI_013-d3m0bo6qm0n-2ev5q8odd4oa","d3m0bo6qm0n-2ev5q8odd4oa","CorporateBody","Crédit maritime mutuel (France)",,,,,,,
"agent/FRAN_RI_013-d-4k2zdw9uf--l2po6wym8z0b","d-4k2zdw9uf--l2po6wym8z0b","CorporateBody","Crédit mobilier",,,,,,,
"agent/FRAN_RI_013-d-2clujrn5r-jzsoymf0k96m","d-2clujrn5r-jzsoymf0k96m","CorporateBody","Desoye Valery et Cie",,,,,,,
"agent/FRAN_RI_013-d-2g1g3yke4-i5jwaby3wjec","d-2g1g3yke4-i5jwaby3wjec","CorporateBody","Durand et Cie",,,,,,,
"agent/FRAN_RI_013-d-2fmm4ikwi-1o13vbzfddn3x","d-2fmm4ikwi-1o13vbzfddn3x","CorporateBody","Duriez, Guyot et Cie",,,,,,,
"agent/FRAN_RI_013-d3m0bo55dmu--x43ksoocaqso","d3m0bo55dmu--x43ksoocaqso","CorporateBody","Ecole Boulle (Paris)",,,,,,,
"agent/FRAN_RI_013-d3m0bo5yeaa-1xkxja4tv2tb1","d3m0bo5yeaa-1xkxja4tv2tb1","CorporateBody","Ecole d'architecture de la ville et des territoires (Marne-la-Vallée)","Ecole d'architecture Paris-Tolbiac",,,,,,
"agent/FRAN_RI_013-d3m0bo645va-13s9tc68u8fkk","d3m0bo645va-13s9tc68u8fkk","CorporateBody","Ecole des hautes études en santé publique (Rennes)","Ecole nationale de la santé publique (Rennes)",,,,,,
"agent/FRAN_RI_013-d3m0bo63urz--1s3d8o8dxaija","d3m0bo63urz--1s3d8o8dxaija","CorporateBody","Ecole du Louvre (Paris)",,,,,,,
"agent/FRAN_RI_013-d3m0bo54mp2--1xtpzacly323x","d3m0bo54mp2--1xtpzacly323x","CorporateBody","Ecole Estienne (Paris)",,,,,,,
"agent/FRAN_RI_013-d3m0bo6j7sy-umdugec85row","d3m0bo6j7sy-umdugec85row","CorporateBody","Ecole française d'Extrême-Orient",,,,,,,
"agent/FRAN_RI_013-d3m0bo6n227-186bxcn5zqhv3","d3m0bo6n227-186bxcn5zqhv3","CorporateBody","Ecole nationale d'administration (France)","ENA",,,"Créé en 1945.",,,
"agent/FRAN_RI_013-d3m0bo69hlu--1j7h0wm0fdga","d3m0bo69hlu--1j7h0wm0fdga","CorporateBody","Ecole nationale d'équitation (Saumur , Maine-et-Loire)","Cadre Noir de Saumur",,,,,,
"agent/FRAN_RI_013-d3m0bo5la2n-1kpv5cadr2wg4","d3m0bo5la2n-1kpv5cadr2wg4","CorporateBody","Ecole nationale de l'aviation civile (France)",,,,"Créée en 1949. Siège à Toulouse.",,,
"agent/FRAN_RI_013-d3m0bo5ohcq--avcyfsgz9kul","d3m0bo5ohcq--avcyfsgz9kul","CorporateBody","Ecole nationale de la magistrature (Bordeaux)","Centre national d'études judiciaires (Bordeaux) | ENM",,,"Créée en 1958.",,,
"agent/FRAN_RI_013-d3m0bo5o0pr--lg7lc8mc4x0l","d3m0bo5o0pr--lg7lc8mc4x0l","CorporateBody","Ecole nationale de ski et d'alpinisme (Chamonix-Mont-Blanc , Haute-Savoie)",,,,,,,
"agent/FRAN_RI_013-d3m0bo5v09r--12c2bn7xta3y","d3m0bo5v09r--12c2bn7xta3y","CorporateBody","Ecole nationale des ponts et chaussées (France)","Ecole des Ponts ParisTech (France)",,,,,,
"agent/FRAN_RI_013-d3m0bo6ei92-2ybtwu4vemzy","d3m0bo6ei92-2ybtwu4vemzy","CorporateBody","Ecole nationale de voile (France)",,,,"Créée en 1979.",,,
"agent/FRAN_RI_013-d3m0bo6t1kf-119rcphdpc57s","d3m0bo6t1kf-119rcphdpc57s","CorporateBody","Ecole nationale du génie rural, des eaux et des forêts (France)","Ecole nationale du génie rural (Paris) | Ecole nationale des eaux et forêts (Nancy)",,,,,,
"agent/FRAN_RI_013-d3m0bo5n9dp--1fpiowjoqgiol","d3m0bo5n9dp--1fpiowjoqgiol","CorporateBody","Ecole nationale supérieure de police (Saint-Cyr-au-Mont-d'Or , Rhône)",,,,,,,
"agent/FRAN_RI_013-d3m0bo5hqwq--e55sge5p6ak8","d3m0bo5hqwq--e55sge5p6ak8","CorporateBody","Ecole nationale supérieure des métiers de l'image et du son (Paris)","IDHEC | Institut des hautes études cinématographiques (Paris) | FEMIS",,,,,,
"agent/FRAN_RI_013-d3m0bo6dqir--rrpanc87yq1w","d3m0bo6dqir--rrpanc87yq1w","CorporateBody","Ecole nationale supérieure des postes et télécommunications (Paris)","ENSPTT | Ecole nationale supérieure des PTT (Paris)",,,"Créée en 1878.",,,
"agent/FRAN_RI_013-d3m0bo5cjxb-vsfjp9898u0y","d3m0bo5cjxb-vsfjp9898u0y","CorporateBody","Ecole nationale supérieure maritime (France)","ENMM | Ecole nationale de la marine marchande | ENSM",,,,,,
"agent/FRAN_RI_013-d3m0bo613cc--6vch1fx9y5kk","d3m0bo613cc--6vch1fx9y5kk","CorporateBody","Ecole normale supérieure (France)",,,,"Créée en 1882. Ce descripteur désigne l'ensemble des sites.",,,
"agent/FRAN_RI_013-d3m0bo5obt2--8vys7s4xo0ip","d3m0bo5obt2--8vys7s4xo0ip","CorporateBody","Ecole normale supérieure d'éducation physique et sportive (Châtenay-Malabry , Hauts-de-Seine)","Ecole normale d'éducation physique (Paris)",,,"Créée en 1933.",,,
"agent/FRAN_RI_013-d3m0bo6jdcm-sosr9d7t4b0k","d3m0bo6jdcm-sosr9d7t4b0k","CorporateBody","Ecole polytechnique (France)","Polytechnique (France) | Ecole centrale des travaux publics (France)",,,"Créée en 1794.",,,
"agent/FRAN_RI_013-d3m0bo5vyc9--9txrsfhkftog","d3m0bo5vyc9--9txrsfhkftog","CorporateBody","Electricité de France","EDF",,,"Créé en 1946.",,,
"agent/FRAN_RI_013-d3m0bo600iq-1dh91j6pw5gib","d3m0bo600iq-1dh91j6pw5gib","CorporateBody","Elf-Aquitaine","Elf",,,,,,
"agent/FRAN_RI_013-d3m0bo5rukq--16ew8hry4f8e0","d3m0bo5rukq--16ew8hry4f8e0","CorporateBody","Entreprise minière et chimique",,,,"Etablissement public. 1967-2005.",,,
"agent/FRAN_RI_013-d3m0bo6rs0d-1twdt84d7xu9n","d3m0bo6rs0d-1twdt84d7xu9n","CorporateBody","Erika (navire)",,,,,,,
"agent/FRAN_RI_013-d3m0bo58r94-11hcxs45u18yq","d3m0bo58r94-11hcxs45u18yq","CorporateBody","Esnauts et Rapilly (17..-18..)",,,,,,,
"agent/FRAN_RI_013-d3m0bo6bwrc--1dno8brxpzokk","d3m0bo6bwrc--1dno8brxpzokk","CorporateBody","Etablissement national des invalides de la marine (France)",,,,,,,
"agent/FRAN_RI_013-d3m0bo59d1i-gjncq039leg","d3m0bo59d1i-gjncq039leg","CorporateBody","Etablissement public d'aménagement de La Défense Seine Arche",,,,,,,
"agent/FRAN_RI_013-d-49jxcw3t91--1hd52fjonhjud","d-49jxcw3t91--1hd52fjonhjud","CorporateBody","Etablissement public de maîtrise d'ouvrage des travaux culturels",,,,,,,
"agent/FRAN_RI_013-d-49hq4gg25q-179n5itebxmip","d-49hq4gg25q-179n5itebxmip","CorporateBody","Etablissement public du grand Louvre",,,,,,,
"agent/FRAN_RI_013-d3m0bo6nd5i-1kc429fvh2r1t","d3m0bo6nd5i-1kc429fvh2r1t","CorporateBody","Etablissements français de l'Inde","Inde française",,,"Colonie française dont la capitale était Pondichéry et qui comprenait : Chandernagor, Karikal, Mahé, Pondichéry, Yanaon 1783,-1952, 1954.",,,
"agent/FRAN_RI_013-d3m0bo6n7lv-1lgbj9x4whwor","d3m0bo6n7lv-1lgbj9x4whwor","CorporateBody","Euro Disney SCA",,,,,,,
"agent/FRAN_RI_013-d3m0bo6yoea--13x08gj9kch7f","d3m0bo6yoea--13x08gj9kch7f","CorporateBody","European Aeronautic Defence and Space Company","EADS | SNIAS | Société nationale industrielle aérospatiale | Aérospatiale",,,,,,
"agent/FRAN_RI_013-d3m0bo6vdy4--1n926jy99zw2n","d3m0bo6vdy4--1n926jy99zw2n","CorporateBody","Fédération française des maisons des jeunes et de la culture",,,,"Créée en 1944.",,,
"agent/FRAN_RI_013-d3m0bo57t6n-cewwcpzao1tt","d3m0bo57t6n-cewwcpzao1tt","CorporateBody","Fédération internationale des sociétés de la Croix-Rouge et du Croissant-Rouge","Croix-Rouge",,,,,,
"agent/FRAN_RI_013-d3m0bo6l2r5--1tybi5ttem3s8","d3m0bo6l2r5--1tybi5ttem3s8","CorporateBody","Fédération nationale de sport universitaire (France)",,,,,,,
"agent/FRAN_RI_013-d3m0bo56r5j--101kp2ukpyuxx","d3m0bo56r5j--101kp2ukpyuxx","CorporateBody","Fondation de France",,,,,,,
"agent/FRAN_RI_013-d3m0bo5s5o2-6asm1jskpevu","d3m0bo5s5o2-6asm1jskpevu","CorporateBody","Fondation du patrimoine (France)",,,,,,,
"agent/FRAN_RI_013-d3m0bo6g1be--bihpf2avfzqz","d3m0bo6g1be--bihpf2avfzqz","CorporateBody","Fondation Jean Moulin (Paris)",,,,,,,
"agent/FRAN_RI_013-d3m0bo6eneg-1ge7r07o86t0o","d3m0bo6eneg-1ge7r07o86t0o","CorporateBody","Fondation nationale des sciences politiques (France)",,,,,,,
"agent/FRAN_RI_013-d3m0bo5tvv3-15b014516ll5f","d3m0bo5tvv3-15b014516ll5f","CorporateBody","Fondation santé des étudiants de France",,,,,,,
"agent/FRAN_RI_013-d3m0bo5b198-1pvi8bv8shjrx","d3m0bo5b198-1pvi8bv8shjrx","CorporateBody","Fondation Singer-Polignac",,,,,,,
"agent/FRAN_RI_013-d3m0bo6f41f-1vs43pp9wd56g","d3m0bo6f41f-1vs43pp9wd56g","CorporateBody","Fonds d'intervention culturelle (France)",,,,"1971-1985.",,,
"agent/FRAN_RI_013-d3m0bo5fwcs--x6x8bplvc0j2","d3m0bo5fwcs--x6x8bplvc0j2","CorporateBody","Fonds d'intervention et d'action pour la nature et l'environnement (France)",,,,,,,
"agent/FRAN_RI_013-d3m0bo6huoj--1kyxt6b4vat8p","d3m0bo6huoj--1kyxt6b4vat8p","CorporateBody","Fonds de coopération de la jeunesse et de l’éducation populaire (France)",,,,"Créé en 1964.",,,
"agent/FRAN_RI_013-d3m0bo58frj--111cp6ca1qb75","d3m0bo58frj--111cp6ca1qb75","CorporateBody","Fonds de développement économique et social (France)",,,,"Créé en 1955.",,,
"agent/FRAN_RI_013-d3m0bo6wnwg--5rsysj8rt9ij","d3m0bo6wnwg--5rsysj8rt9ij","CorporateBody","Fonds européen d'orientation et de garantie agricole","FEOGA",,,"Créé en 1962.",,,
"agent/FRAN_RI_013-d3m0bo6cixz-dmkseh32l9o8","d3m0bo6cixz-dmkseh32l9o8","CorporateBody","Fonds européen de développement",,,,"Créé en 1957.",,,
"agent/FRAN_RI_013-d3m0bo6iggw--2csacc74evxs","d3m0bo6iggw--2csacc74evxs","CorporateBody","Fonds européen de développement régional",,,,"Créé en 1975.",,,
"agent/FRAN_RI_013-d3m0bo6dldc--w9z8mfnv0ylp","d3m0bo6dldc--w9z8mfnv0ylp","CorporateBody","Fonds mondial pour la nature","World Wildlife Fund | WWF | Fonds mondial pour la conservation de la nature",,,,,,
"agent/FRAN_RI_013-d3m0bo5whcs--1tjirfkdfyra1","d3m0bo5whcs--1tjirfkdfyra1","CorporateBody","Fonds national d'action sanitaire et sociale (France)",,,,"Gestionnaire de l’action sociale des personnels territoriaux depuis 1966.",,,
"agent/FRAN_RI_013-d3m0bo6062e--18f1wlhf1i5tp","d3m0bo6062e--18f1wlhf1i5tp","CorporateBody","Fonds national d'art contemporain (France)",,,,"Collection gérée par le Centre national des arts plastiques.",,,
"agent/FRAN_RI_013-d3m0bo5338h--1sbo17tg0dfa1","d3m0bo5338h--1sbo17tg0dfa1","CorporateBody","Fonds national pour le développement du sport (France)",,,,"Créé en 1979.",,,
"agent/FRAN_RI_013-d3m0bo5zj38--16c2uzagbnsw4","d3m0bo5zj38--16c2uzagbnsw4","CorporateBody","Fonds social européen",,,,"Créé en 1957.",,,
"agent/FRAN_RI_013-d3m0bo61piz-9849o51xq3xx","d3m0bo61piz-9849o51xq3xx","CorporateBody","Forces françaises libres","FFL",,,,,,
"agent/FRAN_RI_013-d-1n4224iyo--1rw9qj9l70l8x","d-1n4224iyo--1rw9qj9l70l8x","CorporateBody","Forges d'Arcachon (France, 1848-....)",,"1848-01-01",,"Association entre patrons et ouvriers",,,
"agent/FRAN_RI_013-d3m0bo5xg7t-xv9r71bbfuxd","d3m0bo5xg7t-xv9r71bbfuxd","CorporateBody","Fraction Armée rouge (Allemagne)","Bande à Baader (Allemagne) | Rote Armee Fraktion (Allemagne)",,,,,,
"agent/FRAN_RI_013-d3m0bo6q5do-u7ytf6njqtvu","d3m0bo6q5do-u7ytf6njqtvu","CorporateBody","Framatome",,,,,,,
"agent/FRAN_RI_013-d3m0bo6m56i--n4rlh29ltlmc","d3m0bo6m56i--n4rlh29ltlmc","CorporateBody","France. Assemblée nationale",,,,,,,
"agent/FRAN_RI_013-d3m0bo6y85k-1brr1f4syasxy","d3m0bo6y85k-1brr1f4syasxy","CorporateBody","France. Centre d'analyse stratégique","Centre d'analyse stratégique (France) | France. Commissariat général du plan",,,"Commissariat général du plan : 1946-2006. Centre d'analyse stratégique : 2006-....",,,
"agent/FRAN_RI_013-d3m0bo5e1sv-vwv0m8scwjeo","d3m0bo5e1sv-vwv0m8scwjeo","CorporateBody","France. Comité consultatif de la recherche scientifique et technique","Comité consultatif de la recherche scientifique et technique (France)",,,"Créé en 1958.",,,
"agent/FRAN_RI_013-d3m0bo6tilo--1jzwqxdpxczn6","d3m0bo6tilo--1jzwqxdpxczn6","CorporateBody","France. Comité interministériel d'aménagement et de compétitivité des territoires","Comité interministériel d'aménagement et de compétitivité des territoires (France) | CIACT | France. Comité interministériel de l'aménagement et du développement du territoire | France. Comité interministériel de l'aménagement du territoire | CIAT | CIADT",,,,,,
"agent/FRAN_RI_013-d3m0bo5ijfj-bnhbj1thufbl","d3m0bo5ijfj-bnhbj1thufbl","CorporateBody","France. Comité interministériel de la mer","Comité interministériel de la mer (France)",,,"Créé en 1995.",,,
"agent/FRAN_RI_013-d3m0bo68pvj-1wexn0pvv9zw0","d3m0bo68pvj-1wexn0pvv9zw0","CorporateBody","France. Comité interministériel de la recherche scientifique et technique","Comité interministériel de la recherche scientifique et technique (France)",,,"Créé en 1958.",,,
"agent/FRAN_RI_013-d3m0bo5z19g-1m9b0r7ao50hy","d3m0bo5z19g-1m9b0r7ao50hy","CorporateBody","France. Commission consultative des marchés publics","Commission consultative des marchés publics (France) | Commission des marchés publics de l'Etat (France)",,,,,,
"agent/FRAN_RI_013-d3m0bo6ix3w-l9e5a7n5t95j","d3m0bo6ix3w-l9e5a7n5t95j","CorporateBody","France. Commission d'accès aux documents administratifs","Commission d'accès aux documents administratifs (France)",,,,,,
"agent/FRAN_RI_013-d3m0bo62bpm--1vn0qmo3ehelr","d3m0bo62bpm--1vn0qmo3ehelr","CorporateBody","France. Commission du débat national sur l’avenir de l’école","Commission du débat national sur l’avenir de l’école (France)",,,"2003-2004.",,,
"agent/FRAN_RI_013-d3m0bo6uqyy--1wy0pd5kwrjle","d3m0bo6uqyy--1wy0pd5kwrjle","CorporateBody","France. Commission interministérielle chargée de suivre l'application des mesures de déconcentration","Commission interministérielle chargée de suivre l'application des mesures de déconcentration (France)",,,,,,
"agent/FRAN_RI_013-d3m0bo6p25s-m1o0tf5qcbwm","d3m0bo6p25s-m1o0tf5qcbwm","CorporateBody","France. Commission interministérielle des catastrophes naturelles","Commission interministérielle des catastrophes naturelles (France)",,,,,,
"agent/FRAN_RI_013-d3m0bo5os1s-ypc4xiz6ruij","d3m0bo5os1s-ypc4xiz6ruij","CorporateBody","France. Commission nationale de l'informatique et des libertés","CNIL | Commission nationale de l'informatique et des libertés (France)",,,,,,
"agent/FRAN_RI_013-d3m0bo584o7-1idw7k3v7gfxa","d3m0bo584o7-1idw7k3v7gfxa","CorporateBody","France. Commission nationale de la communication et des libertés","CNCL | Commission nationale de la communication et des libertés (France)",,,,,,
"agent/FRAN_RI_013-d3m0bo5tkrs-t3et6d42p8b5","d3m0bo5tkrs-t3et6d42p8b5","CorporateBody","France. Commission nationale de l’inventaire général des monuments et des richesses artistiques de la France","Commission nationale de l’inventaire général des monuments et des richesses artistiques de la France",,,"Créée en 1964.",,,
"agent/FRAN_RI_013-d3m0bo5nexd--1gvzip6hwoqf3","d3m0bo5nexd--1gvzip6hwoqf3","CorporateBody","France. Commission nationale pour le développement social des quartiers","Commission nationale pour le développement social des quartiers (France)",,,,,,
"agent/FRAN_RI_013-d3m0bo540if-9sunh9oat1vj","d3m0bo540if-9sunh9oat1vj","CorporateBody","France. Commission paritaire des publications et agences de presse","Commission paritaire des publications et agences de presse (France)",,,,,,
"agent/FRAN_RI_013-d3m0bo63p8b-pt7iu2pzcfn1","d3m0bo63p8b-pt7iu2pzcfn1","CorporateBody","France. Conseil constitutionnel","Conseil constitutionnel (France)",,,,,,
"agent/FRAN_RI_013-d3m0bo658an--1ljkb04dhrj1z","d3m0bo658an--1ljkb04dhrj1z","CorporateBody","France. Conseil d'Etat (13..-1791)","France. Conseil du Roi",,,,,,
"agent/FRAN_RI_013-d3m0bo5tqbf--902l6tjth1je","d3m0bo5tqbf--902l6tjth1je","CorporateBody","France. Conseil de la jeunesse, de l'éducation populaire et des sports","Conseil de la jeunesse, de l'éducation populaire et des sports (France)",,,"1946-1984.",,,
"agent/FRAN_RI_013-d3m0bo6pjla--qae3p5u6mvhe","d3m0bo6pjla--qae3p5u6mvhe","CorporateBody","France. Conseil économique, social et environnemental","Conseil économique, social et environnemental (France) | France. Conseil économique et social",,,"Créé en 1958.",,,
"agent/FRAN_RI_013-d3m0bo5bsla--4yzxtdwz3kxv","d3m0bo5bsla--4yzxtdwz3kxv","CorporateBody","France. Conseil général des ponts et chaussées","Conseil général des ponts et chaussées (France)",,,"Le Conseil général des ponts et chaussées et l'Inspection générale de l'environnement ont fusionné en 2008 pour devenir le Conseil général de l'environnement et du développement durable.",,,
"agent/FRAN_RI_013-d3m0bo5gi56--1ul472pl24lzg","d3m0bo5gi56--1ul472pl24lzg","CorporateBody","France. Conseil national d'aménagement et de développement du territoire","Conseil national d'aménagement et de développement du territoire (France)",,,,,,
"agent/FRAN_RI_013-d3m0bo5qg9j--rzx7uu9f0z59","d3m0bo5qg9j--rzx7uu9f0z59","CorporateBody","France. Conseil national de l'enseignement supérieur et de la recherche","Conseil national de l'enseignement supérieur et de la recherche (France)",,,"Créé en 1968 en remplacement du Conseil de l'enseignement supérieur.",,,
"agent/FRAN_RI_013-d3m0bo62scm-18qmfz5100e8h","d3m0bo62scm-18qmfz5100e8h","CorporateBody","France. Conseil national de prévention de la délinquance","Conseil national de prévention de la délinquance (France)",,,"Créé en 1983.",,,
"agent/FRAN_RI_013-d3m0bo6mw4a-1fp1m9m12adfx","d3m0bo6mw4a-1fp1m9m12adfx","CorporateBody","France. Conseil national des transports","Conseil national des transports (France)",,,"Il fusionne en 2012 avec le Conseil supérieur du service public ferroviaire pour devenir le Conseil supérieur des transports terrestres et de l'intermodalité.",,,
"agent/FRAN_RI_013-d3m0bo6p83p--1vt3nnwqjqim5","d3m0bo6p83p--1vt3nnwqjqim5","CorporateBody","France. Conseil national du tourisme","Conseil national du tourisme (France) | Conseil supérieur du tourisme (France)",,,"Créé en 1910.",,,
"agent/FRAN_RI_013-d3m0bo58lpg-tshxknzik53c","d3m0bo58lpg-tshxknzik53c","CorporateBody","France. Conseil supérieur de l'audiovisuel","Conseil supérieur de l'audiovisuel (France)",,,"Créé en 1989. remplace la Commission nationale de la communication et des libertés (CNCL).",,,
"agent/FRAN_RI_013-d3m0bo520eu--4rteox0i5f8o","d3m0bo520eu--4rteox0i5f8o","CorporateBody","France. Conseil supérieur de l'aviation marchande","Conseil supérieur de l'aviation marchande (France)",,,,,,
"agent/FRAN_RI_013-d3m0bo5a4dj--bujs5i4kg83e","d3m0bo5a4dj--bujs5i4kg83e","CorporateBody","France. Conseil supérieur de la fonction publique de l'Etat","Conseil supérieur de la fonction publique de l'Etat (France) | Conseil supérieur de la fonction publique (France)",,,"Créé en 1946.",,,
"agent/FRAN_RI_013-d3m0bo6eyhr-1xp8x5k275nes","d3m0bo6eyhr-1xp8x5k275nes","CorporateBody","France. Conseil supérieur de la fonction publique territoriale","Conseil supérieur de la fonction publique territoriale (France)",,,,,,
"agent/FRAN_RI_013-d3m0bo6b5fb-1ul3u0fkzxqv4","d3m0bo6b5fb-1ul3u0fkzxqv4","CorporateBody","France. Conseil supérieur de la magistrature","Conseil supérieur de la magistrature (France)",,,,,,
"agent/FRAN_RI_013-d3m0bo5etj6-jx2d10ajo8b3","d3m0bo5etj6-jx2d10ajo8b3","CorporateBody","France. Conseil supérieur de la marine marchande","Conseil supérieur de la marine marchande (France)",,,,,,
"agent/FRAN_RI_013-d3m0bo6yuqh--3bhkfrvwsqcq","d3m0bo6yuqh--3bhkfrvwsqcq","CorporateBody","France. Conseil supérieur de la mutualité","Conseil supérieur de la mutualité (France)",,,,,,
"agent/FRAN_RI_013-d3m0bo5sx03-17nn8x9d1ugc1","d3m0bo5sx03-17nn8x9d1ugc1","CorporateBody","France. Conseil supérieur de la recherche et de la technologie","Conseil supérieur de la recherche et de la technologie (France)",,,"Créé en 1982.",,,
"agent/FRAN_RI_013-d3m0bo5fl9h--12jqh4cxsewgq","d3m0bo5fl9h--12jqh4cxsewgq","CorporateBody","France. Conseil supérieur du mécénat culturel","Conseil supérieur du mécénat culturel (France)",,,"Créé en 1987.",,,
"agent/FRAN_RI_013-d3m0bo5j02j--r2th4vqi3s49","d3m0bo5j02j--r2th4vqi3s49","CorporateBody","France. Cour de cassation","France. Tribunal de cassation | Cour de cassation (France)",,,,,,
"agent/FRAN_RI_013-d3m0bo5udal--dgx4kogupfey","d3m0bo5udal--dgx4kogupfey","CorporateBody","France. Cour des comptes","Cour des comptes (France)",,,,,,
"agent/FRAN_RI_013-d3m0bo5hwgd-zrg5muocnmub","d3m0bo5hwgd-zrg5muocnmub","CorporateBody","France. Cour de sûreté de l'Etat","Cour de sûreté de l'Etat (France)",,,"1963-1981.",,,
"agent/FRAN_RI_013-d3m0bo6ajmx-15acfnwwth6oq","d3m0bo6ajmx-15acfnwwth6oq","CorporateBody","France. Délégation à l'information scientifique et technique","France. Bureau national de l'information scientifique et technique | France. Mission interministérielle de l'information scientifique et technique | Délégation à l'information scientifique et technique (France)",,,,,,
"agent/FRAN_RI_013-d3m0bo6x455--1qw0yig77e90j","d3m0bo6x455--1qw0yig77e90j","CorporateBody","France. Délégation générale à l'équipement national","Délégation générale à l'équipement national (France)",,,"1941-1945.",,,
"agent/FRAN_RI_013-d3m0bo6bm2a-l5gbab2oudhd","d3m0bo6bm2a-l5gbab2oudhd","CorporateBody","France. Délégation générale à la recherche scientifique et technique","Délégation générale à la recherche scientifique et technique (France)",,,"Créée en 1961.",,,
"agent/FRAN_RI_013-d3m0bo7033r--1l8u4n5r0zkvj","d3m0bo7033r--1l8u4n5r0zkvj","CorporateBody","France. Délégation interministérielle à l'aménagement du territoire et à l'attractivité régionale","DIACT | DATAR | France. Délégation interministérielle à l'aménagement et à la compétitivité des territoires | France. Délégation à l'aménagement du territoire et à l'action régionale | Délégation interministérielle à l'aménagement du territoire et à l'attractivité régionale (France)",,,"Délégation à l'aménagement du territoire et à l'action régionale : 1963-2005. Délégation interministérielle à l'aménagement et à la compétitivité des territoires : 2005-2009. Délégation interministérielle à l'aménagement du territoire et à l'attractivité régionale : 2009-....",,,
"agent/FRAN_RI_013-d3m0bo6qrkb-169g0q72yhb5x","d3m0bo6qrkb-169g0q72yhb5x","CorporateBody","France. Direction générale de la police nationale","Police nationale (France)",,,,,,
"agent/FRAN_RI_013-d3m0bo6ulfa-lb7nbw2bk07m","d3m0bo6ulfa-lb7nbw2bk07m","CorporateBody","France. Direction générale de la sécurité extérieure","Direction générale de la sécurité extérieure (France) | SDECE | DGSE | France. Service de documentation extérieure et de contre-espionnage",,,,,,
"agent/FRAN_RI_013-d3m0bo6nte8--1hr8hyxwbdvf7","d3m0bo6nte8--1hr8hyxwbdvf7","CorporateBody","France. Etat-major de la marine","Marine nationale (France)",,,,,,
"agent/FRAN_RI_013-d3m0bo5ioz7-1py3o2q4bfzm6","d3m0bo5ioz7-1py3o2q4bfzm6","CorporateBody","France. Fonds d'incitation à la création","Fonds d'incitation à la création (France)",,,"Créé en 1982.",,,
"agent/FRAN_RI_013-d3m0bo55zf8-sgmi0zfr3bqw","d3m0bo55zf8-sgmi0zfr3bqw","CorporateBody","France. Fonds forestier national","Fonds forestier national (France)",,,,,,
"agent/FRAN_RI_013-d3m0bo6sqh3-vlnbzuexrqvu","d3m0bo6sqh3-vlnbzuexrqvu","CorporateBody","France. Fonds industriel de modernisation","Fonds industriel de modernisation (France)",,,"1983-1986.",,,
"agent/FRAN_RI_013-d3m0bo65zmp-1bbehclmh9wv3","d3m0bo65zmp-1bbehclmh9wv3","CorporateBody","France. Forces françaises en Allemagne","Forces françaises en Allemagne",,,,,,
"agent/FRAN_RI_013-d3m0bo64x7c--vputj8pe3g5g","d3m0bo64x7c--vputj8pe3g5g","CorporateBody","France. Groupe central de planification urbaine","Groupe central de planification urbaine (France)",,,,,,
"agent/FRAN_RI_013-d3m0bo6f9l3--m2nkroletrbf","d3m0bo6f9l3--m2nkroletrbf","CorporateBody","France. Groupe central des villes nouvelles","Groupe central des villes nouvelles (France)",,,,,,
"agent/FRAN_RI_013-d3m0bo5gcli-npx8n9armzi1","d3m0bo5gcli-npx8n9armzi1","CorporateBody","France. Haut comité de l'environnement","Haut comité de l'environnement (France)",,,"1970-1992.",,,
"agent/FRAN_RI_013-d3m0bo67szu--bqzemu0kvj6k","d3m0bo67szu--bqzemu0kvj6k","CorporateBody","France. Haut comité de la jeunesse, des sports et des loisirs","Haut comité de la jeunesse, des sports et des loisirs (France) | France. Haut comité des sports | France. Haut comité de la jeunesse",,,"Créé en 1970. Fusion du Haut comité de la jeunesse et du Haut comité des sports.",,,
"agent/FRAN_RI_013-d3m0bo5jq7s--12jv8qmyihrxs","d3m0bo5jq7s--12jv8qmyihrxs","CorporateBody","France. Haut comité du loisir social, de l'éducation populaire et des activités de pleine nature","Haut comité du loisir social, de l'éducation populaire et des activités de pleine nature (France)",,,,,,
"agent/FRAN_RI_013-d3m0bo6pp4y--rf1ugverf1jg","d3m0bo6pp4y--rf1ugverf1jg","CorporateBody","France. Haut commissariat à la jeunesse et aux sports","Haut commissariat à la jeunesse et aux sports (France)",,,,,,
"agent/FRAN_RI_013-d3m0bo6r2nm--1d26pycm2pamh","d3m0bo6r2nm--1d26pycm2pamh","CorporateBody","France. Haut conseil de la santé publique","France. Haut comité de la santé publique | France. Conseil supérieur d'hygiène publique | Haut conseil de la santé publique (France)",,,"Créé par la loi relative à la politique de santé publique du 9 août 2004, le Haut conseil de la santé publique reprend en les élargissant les missions du Conseil supérieur d’hygiène publique de France et celles du Haut Comité de la santé publique, siégeant respectivement depuis 1848 et 1991",,,
"agent/FRAN_RI_013-d3m0bo5cp2p--1mgsszsez2ps2","d3m0bo5cp2p--1mgsszsez2ps2","CorporateBody","France. Médiateur de la République","Médiateur de la République (France)",,,,,,
"agent/FRAN_RI_013-d3m0bo6i5ru--1ermmpwm4f18h","d3m0bo6i5ru--1ermmpwm4f18h","CorporateBody","France. Ministère de la coopération (1974-1981). Fonds d'aide et de coopération","Fonds d'aide et de coopération (France)",,,"Créé en 1959.",,,
"agent/FRAN_RI_013-d3m0bo5nvkc-1cn65h2vliooo","d3m0bo5nvkc-1cn65h2vliooo","CorporateBody","France. Mission interministérielle de l'eau","Mission interministérielle de l'eau (France)",,,"Créée en 1968.",,,
"agent/FRAN_RI_013-d3m0bo6vjw1--d1bwxb4k24un","d3m0bo6vjw1--d1bwxb4k24un","CorporateBody","France. Mission interministérielle de la mer","Mission interministérielle de la mer (France)",,,"1978-1995.",,,
"agent/FRAN_RI_013-d3m0bo68435-17gttuvrzdzd7","d3m0bo68435-17gttuvrzdzd7","CorporateBody","France. Mission interministérielle de lutte contre la drogue et la toxicomanie","Mission interministérielle de lutte contre la drogue et la toxicomanie (France)",,,,,,
"agent/FRAN_RI_013-d3m0bo54623-1nn78sazkpv7f","d3m0bo54623-1nn78sazkpv7f","CorporateBody","France. Mobilier national","France. Garde-meuble de la Couronne | Mobilier national (France)",,,,,,
"agent/FRAN_RI_013-d3m0bo5qapv--wx43sts4kvfb","d3m0bo5qapv--wx43sts4kvfb","CorporateBody","France. Office du travail","Office du travail (France)",,,"1891-1914.",,,
"agent/FRAN_RI_013-d-1pxase5db-vxjkc9kmfnkv","d-1pxase5db-vxjkc9kmfnkv","CorporateBody","France. Préfecture de la Seine",,"1800-01-01","1968-01-01","Créé en 1790 par l'Assemblée Constituante, le département de la Seine (ainsi que les communes y attachés, dont celle de Paris), est dirigé par des instances élues jusqu'en 1800, année où Napoléon Ier crée la fonction de préfet représentant l'Etat dans le département. La préfeture de la Seine devient préfetecture du département de Paris en 1968.",,,
"agent/FRAN_RI_013-d3m0bo6mqyv-5051vrcfpqgs","d3m0bo6mqyv-5051vrcfpqgs","CorporateBody","France. Premier ministre","Premier ministre (France)",,,,,,
"agent/FRAN_RI_013-d3m0bo6xl6e-w50bpj2hwerj","d3m0bo6xl6e-w50bpj2hwerj","CorporateBody","France. Présidence de la République","Présidence de la République (France)",,,,,,
"agent/FRAN_RI_013-d3m0bo6gs96--b2ds5gcysmxw","d3m0bo6gs96--b2ds5gcysmxw","CorporateBody","France. Présidence du Conseil","Présidence du Conseil (France)",,,,,,
"agent/FRAN_RI_013-d3m0bo5akm9--1ekeb27df1f43","d3m0bo5akm9--1ekeb27df1f43","CorporateBody","France. Secrétariat général de la défense et de la sécurité nationale","France. Secrétariat général de la défense nationale | Secrétariat général de la défense et de la sécurité nationale (France)",,,,,,
"agent/FRAN_RI_013-d3m0bo6zaz6-1h6fykaxnoly3","d3m0bo6zaz6-1h6fykaxnoly3","CorporateBody","France. Secrétariat général du gouvernement","Secrétariat général du gouvernement (France)",,,,,,
"agent/FRAN_RI_013-d3m0bo564yw--1pcc3ff7xjh3f","d3m0bo564yw--1pcc3ff7xjh3f","CorporateBody","France. Sénat","Sénat (France)",,,,,,
"agent/FRAN_RI_013-d3m0bo6judu--jn9d97s3uwdg","d3m0bo6judu--jn9d97s3uwdg","CorporateBody","France. Service central des compagnies républicaines de sécurité","Compagnies républicaines de sécurité (France) | CRS",,,,,,
"agent/FRAN_RI_013-d3m0bo5xrb4--1mcwhysct48sg","d3m0bo5xrb4--1mcwhysct48sg","CorporateBody","France. Université (1806-1896)",,,,,,,
"agent/FRAN_RI_013-d3m0bo592cg--1c9576lqlv1vd","d3m0bo592cg--1c9576lqlv1vd","CorporateBody","France (navire)",,,,,,,
"agent/FRAN_RI_013-d3m0bo5d061--1actr3wy36i9s","d3m0bo5d061--1actr3wy36i9s","CorporateBody","France 5","La Cinquième",,,,,,
"agent/FRAN_RI_013-d3m0bo5poxh--1puhttqmv0hpk","d3m0bo5poxh--1puhttqmv0hpk","CorporateBody","France-Culture",,,,,,,
"agent/FRAN_RI_013-d3m0bo6c7uo--11ym4euixp6rn","d3m0bo6c7uo--11ym4euixp6rn","CorporateBody","France-Inter",,,,,,,
"agent/FRAN_RI_013-d3m0bo5puh5--c058ipbl3odp","d3m0bo5puh5--c058ipbl3odp","CorporateBody","France-Musique","France-Musiques",,,,,,
"agent/FRAN_RI_013-d3m0bo6t743-166hyw8l9j12q","d3m0bo6t743-166hyw8l9j12q","CorporateBody","France Télécom",,,,,,,
"agent/FRAN_RI_013-d3m0bo552xs-1fth7qnp887g1","d3m0bo552xs-1fth7qnp887g1","CorporateBody","France Télécom Orange labs","Centre national d'études des télécommunications (Paris)",,,"1944-2007. Intégré dans la structure Orange Labs.",,,
"agent/FRAN_RI_013-d3m0bo5jl2d--10mqfau58tbok","d3m0bo5jl2d--10mqfau58tbok","CorporateBody","Francs-tireurs et partisans français",,,,,,,
"agent/FRAN_RI_013-d3m0bo5b6sw--ss6skw5e2pbd","d3m0bo5b6sw--ss6skw5e2pbd","CorporateBody","Front de libération de la Bretagne",,,,,,,
"agent/FRAN_RI_013-d3m0bo6krnt-mkiss7t9svb1","d3m0bo6krnt-mkiss7t9svb1","CorporateBody","Front de libération nationale (Algérie)","FLN",,,,,,
"agent/FRAN_RI_013-d3m0bo61efo-15i522fk9yygt","d3m0bo61efo-15i522fk9yygt","CorporateBody","Front de libération nationale de la Corse",,,,,,,
"agent/FRAN_RI_013-d3m0bo5q5kh-1kxnkok36m12k","d3m0bo5q5kh-1kxnkok36m12k","CorporateBody","Front Polisario",,,,,,,
"agent/FRAN_RI_013-d3m0bo55j6i-gbscaov0hf82","d3m0bo55j6i-gbscaov0hf82","CorporateBody","Galerie nationale du Jeu de paume (Paris)",,,,,,,
"agent/FRAN_RI_013-d3m0bo59ytv-j1ybn3ozp1m1","d3m0bo59ytv-j1ybn3ozp1m1","CorporateBody","GDF Suez","GDF | Gaz de France",,,,,,
"agent/FRAN_RI_013-d3m0bo53pf4-wtbfgczv8foq","d3m0bo53pf4-wtbfgczv8foq","CorporateBody","Gino (navire)",,,,,,,
"agent/FRAN_RI_013-d-2cvsfkgts--r0u2qhirc8aa","d-2cvsfkgts--r0u2qhirc8aa","CorporateBody","Goreska de Bruge et Cie",,,,,,,
"agent/FRAN_RI_013-d3m0bo56aik-2o9ttuo4mc2s","d3m0bo56aik-2o9ttuo4mc2s","CorporateBody","Greenpeace international",,,,,,,
"agent/FRAN_RI_013-d3m0bo68vf7-1va9w8yc9druv","d3m0bo68vf7-1va9w8yc9druv","CorporateBody","Groupe La Poste (France)",,,,,,,
"agent/FRAN_RI_013-d3m0bo6dw2e--t90mlsc4fhqn","d3m0bo6dw2e--t90mlsc4fhqn","CorporateBody","Groupe Trevi",,,,"Structure ad hoc, créée en 1976 réunissant des représentants des ministères de la Justice et de l'Intérieur des membres de la Communauté européenne. Remplacé par Europol.",,,
"agent/FRAN_RI_013-d3m0bo59il5-14bks3wptqsb8","d3m0bo59il5-14bks3wptqsb8","CorporateBody","Imprimerie Engelmann (Paris)",,,,,,,
"agent/FRAN_RI_013-d3m0bo6cdec-cc084trvwdiy","d3m0bo6cdec-cc084trvwdiy","CorporateBody","Installation européenne de rayonnement synchrotron","European Synchrotron Radiation Facility",,,"Fonctionne depuis 1994.",,,
"agent/FRAN_RI_013-d-4p5mk60ih--z25g570wclok","d-4p5mk60ih--z25g570wclok","CorporateBody","Institut de France",,,,,"0000000121635900",,"https://data.bnf.fr/ark:/12148/cb11864390h#about"
"agent/FRAN_RI_013-d3m0bo5u7qy--1rrzqvl2to04n","d3m0bo5u7qy--1rrzqvl2to04n","CorporateBody","Institut de radioprotection et de sûreté nucléaire (France)","Service central de protection contre les rayons ionisants (France) | Office de protection contre les rayonnements ionisants (France)",,,,,,
"agent/FRAN_RI_013-d3m0bo5r2g6-svtkyz4rjb4r","d3m0bo5r2g6-svtkyz4rjb4r","CorporateBody","Institut de recherche en sciences du numérique (France)","INRIA | Institut national de recherche en informatique et en automatique (France)",,,,,,
"agent/FRAN_RI_013-d3m0bo5uubu--18gtmgjz5me7o","d3m0bo5uubu--18gtmgjz5me7o","CorporateBody","Institut de recherche pour le développement (France)","Office de la recherche scientifique coloniale (France) | Institut français de recherche scientifique pour le développement en coopération | ORSTOM | IRD",,,,,,
"agent/FRAN_RI_013-d3m0bo577e9--jbpj61704bix","d3m0bo577e9--jbpj61704bix","CorporateBody","Institut du monde arabe","Institut du monde arabe (Paris)",,,,,,
"agent/FRAN_RI_013-d3m0bo5rjhe-1dbng5pt0d33r","d3m0bo5rjhe-1dbng5pt0d33r","CorporateBody","Institut du transport aérien",,,,"Organisation internationale",,,
"agent/FRAN_RI_013-d3m0bo5sh5n-1m57csdmmcume","d3m0bo5sh5n-1m57csdmmcume","CorporateBody","Institut français de l'éducation","Institut national de recherche et de documentation pédagogique (France) | INRP | Institut national de recherche pédagogique (France)",,,,,,
"agent/FRAN_RI_013-d3m0bo6puol-past45rtnkyh","d3m0bo6puol-past45rtnkyh","CorporateBody","Institut français du pétrole",,,,,,,
"agent/FRAN_RI_013-d3m0bo53uys--1imo7qwatuf0x","d3m0bo53uys--1imo7qwatuf0x","CorporateBody","Institut international d'administration publique (France)","Ecole coloniale (Paris) | Ecole cambodgienne (Paris) | ENFOM | Ecole nationale de la France d'outre-mer (Paris) | IIAP | IHEOM | Institut des hautes études d'outre-mer (Paris)",,,"Ecole nationale de la France d'outre-mer : 1885-1959. Institut des hautes études d'outre-mer : 1959-1966. Institut international d'administration publique : 1966-2002.",,,
"agent/FRAN_RI_013-d3m0bo59o4t-138q4d4duenxm","d3m0bo59o4t-138q4d4duenxm","CorporateBody","Institut national de jeunes aveugles (Paris)","Institution royale des jeunes aveugles (Paris) | Institution impériale des jeunes aveugles (Paris)",,,,,,
"agent/FRAN_RI_013-d3m0bo5jadb-1isyr6y97yjt7","d3m0bo5jadb-1isyr6y97yjt7","CorporateBody","Institut national de jeunes sourds (Paris)",,,,,,,
"agent/FRAN_RI_013-d3m0bo54blr-1lpm5l7w4kcjz","d3m0bo54blr-1lpm5l7w4kcjz","CorporateBody","Institut national de l'audiovisuel (France)",,,,,,,
"agent/FRAN_RI_013-d3m0bo6uabz--hdcnmjw6gv0f","d3m0bo6uabz--hdcnmjw6gv0f","CorporateBody","Institut national de l'information géographique et forestière (France)","Inventaire forestier national (France) | Institut géographique national (France)",,,,,,
"agent/FRAN_RI_013-d3m0bo65uha-16076y4nyubpv","d3m0bo65uha-16076y4nyubpv","CorporateBody","Institut national de la jeunesse et de l'éducation populaire (France)","Institut national d'éducation populaire (France)",,,,,,
"agent/FRAN_RI_013-d3m0bo652qz-il7srpvlz6jd","d3m0bo652qz-il7srpvlz6jd","CorporateBody","Institut national de la propriété industrielle (France)","INPI",,,,,,
"agent/FRAN_RI_013-d3m0bo66g9o-ythotz4wxcfs","d3m0bo66g9o-ythotz4wxcfs","CorporateBody","Institut national de la recherche agronomique (France)","INRA",,,,,,
"agent/FRAN_RI_013-d3m0bo6qaj2--13wrqnvqv3v1v","d3m0bo6qaj2--13wrqnvqv3v1v","CorporateBody","Institut national de la statistique et des études économiques (France)","INSEE",,,,,,
"agent/FRAN_RI_013-d3m0bo66qyq--1eijrx10kq943","d3m0bo66qyq--1eijrx10kq943","CorporateBody","Institut national de physique nucléaire et de physique des particules (France)",,,,,,,
"agent/FRAN_RI_013-d3m0bo6sezi--1tcz1f7y7ofjo","d3m0bo6sezi--1tcz1f7y7ofjo","CorporateBody","Institut national de recherche chimique appliquée (France)","Laboratoire central des services chimiques de l'Etat (France)",,,,,,
"agent/FRAN_RI_013-d3m0bo6z5ts-19ggmvtcld2yw","d3m0bo6z5ts-19ggmvtcld2yw","CorporateBody","Institut national de recherche en sciences et technologies pour l'environnement et l'agriculture (France)","IRSTEA | Centre national du machinisme agricole, du génie rural et des eaux et forêts (France) | CEMAGREF",,,"Centre national du machinisme agricole, du génie rural et des Eaux et Forêts : 1981-2011. Institut national de recherche en sciences et technologies pour l'environnement et l'agriculture : 2011-....",,,
"agent/FRAN_RI_013-d3m0bo63e4z-be8k949frwfo","d3m0bo63e4z-be8k949frwfo","CorporateBody","Institut national des sciences appliquées (France)",,,,,,,
"agent/FRAN_RI_013-d3m0bo62msy--itpq1fwhclzx","d3m0bo62msy--itpq1fwhclzx","CorporateBody","Institut national des sciences de l'univers (France)","Institut national d'astronomie et de géophysique (France)",,,,,,
"agent/FRAN_RI_013-d3m0bo5dr3t--mwhjnr9949ut","d3m0bo5dr3t--mwhjnr9949ut","CorporateBody","Institut national du sport, de l'expertise et de la performance (France)","Institut national du sport (France) | Institut national du sport et de l'éducation physique (France) | INSEP",,,,,,
"agent/FRAN_RI_013-d3m0bo5lkrp-u1f8f1z5hdam","d3m0bo5lkrp-u1f8f1z5hdam","CorporateBody","Institut scientifique et technique des pêches maritimes (France)","Office scientifique et technique des pêches maritimes (France) | ISTPM",,,"1953-1984. Fusion avec le Centre national pour l'exploitation des océans (CNEXO) pour donner naissance à l'Institut français de recherche pour l'exploitation de la mer (IFREMER).",,,
"agent/FRAN_RI_013-d-4sj2v2bca--lp2mtp9yl0qa","d-4sj2v2bca--lp2mtp9yl0qa","CorporateBody","J. J. Laveissière et fils",,,,,,,
"agent/FRAN_RI_013-d3m0bo6gn3s--92zlxe1w30mv","d3m0bo6gn3s--92zlxe1w30mv","CorporateBody","Laboratoire central des ponts et chaussées (France)",,,,"Intégré en 2010 à l'Institut français des sciences et technologies des transports, de l'aménagement et des réseaux.",,,
"agent/FRAN_RI_013-d3m0bo5bhhy--1hooscpno887p","d3m0bo5bhhy--1hooscpno887p","CorporateBody","La Cinq (France)",,,,,,,
"agent/FRAN_RI_013-d-4lcg04gro-t8fbfpw3exbr","d-4lcg04gro-t8fbfpw3exbr","CorporateBody","Le Phénix",,,,,,,
"agent/FRAN_RI_013-d3m0bo5a9ix-11nlhq2xk9200","d3m0bo5a9ix-11nlhq2xk9200","CorporateBody","Le Tarmac (Paris)","Théâtre de l'Est parisien",,,,,,
"agent/FRAN_RI_013-d-270kudbxm--1r986r77hqc2r","d-270kudbxm--1r986r77hqc2r","CorporateBody","Mansonnier et Cie",,,,,,,
"agent/FRAN_RI_013-d3m0bo6he1k--18deulq81u1ia","d3m0bo6he1k--18deulq81u1ia","CorporateBody","Manufacture nationale de tapisserie des Gobelins (France)",,,,,,,
"agent/FRAN_RI_013-d3m0bo6d4qd-16nkohae111aj","d3m0bo6d4qd-16nkohae111aj","CorporateBody","Météo-France",,,,,,,
"agent/FRAN_RI_013-d-1wxjptb4k--8cdxgj6eie99","d-1wxjptb4k--8cdxgj6eie99","CorporateBody","Métreau et Cie",,,,,,,
"agent/FRAN_RI_013-d3m0bo6sw0r--6j6vn35flm74","d3m0bo6sw0r--6j6vn35flm74","CorporateBody","Milice française",,,,,,,
"agent/FRAN_RI_013-d3m0bo56g27-1g45qx68gag4e","d3m0bo56g27-1g45qx68gag4e","CorporateBody","Mines domaniales de potasse d'Alsace",,,,,,,
"agent/FRAN_RI_013-d3m0bo618w0--ehoc099je4ia","d3m0bo618w0--ehoc099je4ia","CorporateBody","Mouvement national algérien",,,,,,,
"agent/FRAN_RI_013-d3m0bo6daa1--1bngr8ohsqk6y","d3m0bo6daa1--1bngr8ohsqk6y","CorporateBody","Musée d'Orsay (Paris)",,,,,,,
"agent/FRAN_RI_013-d3m0bo6gxsu-1388ke9wvwzbt","d3m0bo6gxsu-1388ke9wvwzbt","CorporateBody","Musée de l'homme (Paris)",,,,,,,
"agent/FRAN_RI_013-d3m0bo6jofx--1r1anmw86b023","d3m0bo6jofx--1r1anmw86b023","CorporateBody","Musée des plans-reliefs (Paris)",,,,,,,
"agent/FRAN_RI_013-d3m0bo6qggz--14zmeem3tbxgd","d3m0bo6qggz--14zmeem3tbxgd","CorporateBody","Musée des travaux publics (Paris)",,,,"1939-1959.",,,
"agent/FRAN_RI_013-d3m0bo5c8u0-p6np16xl8epl","d3m0bo5c8u0-p6np16xl8epl","CorporateBody","Musée du Louvre (Paris)",,,,,,,
"agent/FRAN_RI_013-d3m0bo69c26--61xor6drqkg3","d3m0bo69c26--61xor6drqkg3","CorporateBody","Musée du quai Branly (Paris)","Musée des arts premiers (Paris)",,,,,,
"agent/FRAN_RI_013-d3m0bo5wbev-1v12p76dqpre5","d3m0bo5wbev-1v12p76dqpre5","CorporateBody","Musée national d'art moderne-Centre de création industrielle (Paris)",,,,,,,
"agent/FRAN_RI_013-d3m0bo52bi6--1fiy175ganplx","d3m0bo52bi6--1fiy175ganplx","CorporateBody","Musée national des sciences, des techniques et des industries (Paris)",,,,,,,
"agent/FRAN_RI_013-d3m0bo5xx91--19z27rhgktcni","d3m0bo5xx91--19z27rhgktcni","CorporateBody","Musée national du sport (Paris)",,,,,,,
"agent/FRAN_RI_013-d3m0bo51ox9--17ue43wdu61ay","d3m0bo51ox9--17ue43wdu61ay","CorporateBody","Mutualité sociale agricole (France)",,,,,,,
"agent/FRAN_RI_013-d3m0bo5eiu4--suvuakxyhl0j","d3m0bo5eiu4--suvuakxyhl0j","CorporateBody","Mutuelle générale de l'Education nationale (France)",,,,,,,
"agent/FRAN_RI_013-d3m0bo67ng6--fduvfpn3eutl","d3m0bo67ng6--fduvfpn3eutl","CorporateBody","Nations Unies","Organisation des Nations Unies | ONU",,,,,,
"agent/FRAN_RI_013-d3m0bo51il3--18n4bwj1iqn0e","d3m0bo51il3--18n4bwj1iqn0e","CorporateBody","Nations Unies. Haut commissariat pour les réfugiés","HCR | UNHCR | Haut-commissariat des Nations Unies pour les réfugiés",,,,,,
"agent/FRAN_RI_013-d3m0bo6j29a--9kulq8mniygc","d3m0bo6j29a--9kulq8mniygc","CorporateBody","NS Savannah (navire)",,,,,,,
"agent/FRAN_RI_013-d3m0bo6r87a--1ezrt5hojyv91","d3m0bo6r87a--1ezrt5hojyv91","CorporateBody","Odéon-Théâtre de l'Europe (Paris)",,,,,,,
"agent/FRAN_RI_013-d3m0bo6h3ch-11pkf64vjd6dq","d3m0bo6h3ch-11pkf64vjd6dq","CorporateBody","Oeuvre pour la sécurité et l'organisation des secours (Paris)","SOS",,,,,,
"agent/FRAN_RI_013-d3m0bo6yday--1gj24lwzk9fdr","d3m0bo6yday--1gj24lwzk9fdr","CorporateBody","Office de développement de l'économie agricole des départements d'outre-mer (France)",,,,,,,
"agent/FRAN_RI_013-d3m0bo6ff4r-w914c7qmjv0l","d3m0bo6ff4r-w914c7qmjv0l","CorporateBody","Office français de protection des réfugiés et apatrides","OFPRA",,,,,,
"agent/FRAN_RI_013-d3m0bo5e7cj--17rnbwyh75f7z","d3m0bo5e7cj--17rnbwyh75f7z","CorporateBody","Office franco-allemand pour la jeunesse",,,,,,,
"agent/FRAN_RI_013-d3m0bo68kbv-frcc7u910fho","d3m0bo68kbv-frcc7u910fho","CorporateBody","Office franco-québécois pour la jeunesse",,,,,,,
"agent/FRAN_RI_013-d3m0bo633fx--17f400vs68wtu","d3m0bo633fx--17f400vs68wtu","CorporateBody","Office national d'études et de recherches aérospatiales (France)","ONERA | Office national d'études et de recherches aéronautiques (France)",,,,,,
"agent/FRAN_RI_013-d3m0bo5mci0-13qf1vz4c0djp","d3m0bo5mci0-13qf1vz4c0djp","CorporateBody","Office national d'information sur les enseignements et les professions (France)","ONISEP",,,,,,
"agent/FRAN_RI_013-d3m0bo64m40--1ammb5m8mracv","d3m0bo64m40--1ammb5m8mracv","CorporateBody","Office national de la chasse et de la faune sauvage (France)","Office national de la chasse (France)",,,,,,
"agent/FRAN_RI_013-d3m0bo6zxk3--1jnwmmt6winus","d3m0bo6zxk3--1jnwmmt6winus","CorporateBody","Office national des forêts (France)",,,,,,,
"agent/FRAN_RI_013-d3m0bo69xga--q520rksuoopc","d3m0bo69xga--q520rksuoopc","CorporateBody","Olympic Bravery (navire)",,,,,,,
"agent/FRAN_RI_013-d3m0bo6o4hk--2j5g3l4s5115","d3m0bo6o4hk--2j5g3l4s5115","CorporateBody","Opéra Bastille (Paris)","Etablissement public de l'Opéra de la Bastille (Paris)",,,,,,
"agent/FRAN_RI_013-d3m0bo5fqt5-1l2b4de0e3l93","d3m0bo5fqt5-1l2b4de0e3l93","CorporateBody","Ordre des architectes (France)",,,,,,,
"agent/FRAN_RI_013-d3m0bo5ypdm--t1qxs6fwm0cp","d3m0bo5ypdm--t1qxs6fwm0cp","CorporateBody","Ordre national des médecins (France)","Ordre des médecins (France)",,,,,,
"agent/FRAN_RI_013-d3m0bo5y8qm-55uxt75vscto","d3m0bo5y8qm-55uxt75vscto","CorporateBody","Organisation armée secrète (France)","OAS",,,,,,
"agent/FRAN_RI_013-d3m0bo64gym--19jrnetwnf5za","d3m0bo64gym--19jrnetwnf5za","CorporateBody","Organisation de coopération et de développement économiques","Organisation européenne de coopération économique | OCDE",,,,,,
"agent/FRAN_RI_013-d3m0bo56wp7--11xcp90fkobwx","d3m0bo56wp7--11xcp90fkobwx","CorporateBody","Organisation de gestion et de sécurité aéronautique (Algérie)",,,,"Organisme algéro-français ayant géré les services d'exploitation de l'aviation civile en Algérie jusqu'en 1968.",,,
"agent/FRAN_RI_013-d3m0bo5l44q--1a35qpzfqcjfo","d3m0bo5l44q--1a35qpzfqcjfo","CorporateBody","Organisation de l'aviation civile internationale",,,,,,,
"agent/FRAN_RI_013-d3m0bo5af2l-10ixqybdyctyv","d3m0bo5af2l-10ixqybdyctyv","CorporateBody","Organisation de l'unité africaine",,,,"1963-2001",,,
"agent/FRAN_RI_013-d3m0bo67yjh--d9njv10yje3q","d3m0bo67yjh--d9njv10yje3q","CorporateBody","Organisation de libération de la Palestine","OLP",,,,,,
"agent/FRAN_RI_013-d3m0bo6q089--k4gm5guweu2b","d3m0bo6q089--k4gm5guweu2b","CorporateBody","Organisation des Nations Unies pour l'alimentation et l'agriculture","FAO",,,,,,
"agent/FRAN_RI_013-d3m0bo6ecb4-19qv6rcwy3ym","d3m0bo6ecb4-19qv6rcwy3ym","CorporateBody","Organisation des pays arabes exportateurs de pétrole","OPAEP",,,,,,
"agent/FRAN_RI_013-d3m0bo6nyxw--1g2nj8v4cxcdw","d3m0bo6nyxw--1g2nj8v4cxcdw","CorporateBody","Organisation des pays exportateurs de pétrole","OPEP",,,,,,
"agent/FRAN_RI_013-d3m0bo61jzb--152ycmtj2ciqw","d3m0bo61jzb--152ycmtj2ciqw","CorporateBody","Organisation du traité de l'Atlantique nord","NATO | OTAN",,,,,,
"agent/FRAN_RI_013-d3m0bo6ml0y--11zvu1fntuocq","d3m0bo6ml0y--11zvu1fntuocq","CorporateBody","Organisation européenne pour la sécurité de la navigation aérienne","Eurocontrol",,,"Créée en 1963.",,,
"agent/FRAN_RI_013-d3m0bo5oxlg--1jycvz8ezsekr","d3m0bo5oxlg--1jycvz8ezsekr","CorporateBody","Organisation internationale de police criminelle","INTERPOL",,,,,,
"agent/FRAN_RI_013-d3m0bo55tvk-ue7l82j78uec","d3m0bo55tvk-ue7l82j78uec","CorporateBody","Organisation maritime internationale","Organisation intergouvernementale consultative de la navigation maritime",,,,,,
"agent/FRAN_RI_013-d3m0bo5kyzb-1849iy2zvewps","d3m0bo5kyzb-1849iy2zvewps","CorporateBody","Organisation météorologique mondiale",,,,,,,
"agent/FRAN_RI_013-d3m0bo690kl--1vxx8u2c4qqof","d3m0bo690kl--1vxx8u2c4qqof","CorporateBody","Organisation mondiale de la santé","OMS",,,,,,
"agent/FRAN_RI_013-d3m0bo6of6m-ux0uz2edzwm","d3m0bo6of6m-ux0uz2edzwm","CorporateBody","Organisation mondiale du commerce","OMC",,,"Prend la succession de l'Accord général sur les tarifs douaniers et le commerce (GATT) en 1995.",,,
"agent/FRAN_RI_013-d3m0bo5nq0o--1nwgttqdfw11","d3m0bo5nq0o--1nwgttqdfw11","CorporateBody","Organisation mondiale du tourisme",,,,,,,
"agent/FRAN_RI_013-d3m0bo5qrcu-h6rh21pz8tbu","d3m0bo5qrcu-h6rh21pz8tbu","CorporateBody","Organisation Todt (Allemagne)",,,,"1938-1945.",,,
"agent/FRAN_RI_013-d3m0bo6wc0l--1ek0zhph7ucpc","d3m0bo6wc0l--1ek0zhph7ucpc","CorporateBody","Orkem","Charbonnages de France Chimie",,,,,,
"agent/FRAN_RI_013-d3m0bo5x4q8--bbexpuo2txjq","d3m0bo5x4q8--bbexpuo2txjq","CorporateBody","Otto Hahn (navire)",,,,,,,
"agent/FRAN_RI_013-d3m0bo6l8as-4x2e8iot94bi","d3m0bo6l8as-4x2e8iot94bi","CorporateBody","Palais de la découverte (Paris)",,,,,,,
"agent/FRAN_RI_013-d3m0bo6z0a4-1azl1v6p39wc3","d3m0bo6z0a4-1azl1v6p39wc3","CorporateBody","Parti communiste français","PCF",,,,,,
"agent/FRAN_RI_013-d3m0bo51uv7--1w5ik5ulab6","d3m0bo51uv7--1w5ik5ulab6","CorporateBody","Parti socialiste (France)",,,,,,,
"agent/FRAN_RI_013-d3m0bo6b09w-n6m9vits4mre","d3m0bo6b09w-n6m9vits4mre","CorporateBody","Péchiney","Pechiney-Ugine-Kuhlmann",,,,,,
"agent/FRAN_RI_013-d3m0bo54s8q--h4blgjqidg14","d3m0bo54s8q--h4blgjqidg14","CorporateBody","Philips",,,,,,,
"agent/FRAN_RI_013-d-2g8jbrvx5-1np2sdvw35nc","d-2g8jbrvx5-1np2sdvw35nc","CorporateBody","Prève et Cie",,,,,,,
"agent/FRAN_RI_013-d-2ev59wk2x--1mcfbotkgimcz","d-2ev59wk2x--1mcfbotkgimcz","CorporateBody","Quéru et Cie",,,,,,,
"agent/FRAN_RI_013-d3m0bo5ha9q--1oz2mtm0kpiu6","d3m0bo5ha9q--1oz2mtm0kpiu6","CorporateBody","Radio France (Paris). Orchestre national","Orchestre national de France",,,,,,
"agent/FRAN_RI_013-d3m0bo6ghk4-1o57foedfe6df","d3m0bo6ghk4-1o57foedfe6df","CorporateBody","Radio France internationale","RFI",,,,,,
"agent/FRAN_RI_013-d3m0bo6w6gx-19r1zx19at9fs","d3m0bo6w6gx-19r1zx19at9fs","CorporateBody","Radio France Outre-mer","RFO",,,,,,
"agent/FRAN_RI_013-d3m0bo5cumd-17jr0ec6scdxg","d3m0bo5cumd-17jr0ec6scdxg","CorporateBody","Radio Monte-Carlo","RMC",,,,,,
"agent/FRAN_RI_013-d3m0bo6no8u-105c9jd7l92r4","d3m0bo6no8u-105c9jd7l92r4","CorporateBody","Radio-Télé-Luxembourg","RTL",,,,,,
"agent/FRAN_RI_013-d3m0bo5qwwi-uteo6287ots7","d3m0bo5qwwi-uteo6287ots7","CorporateBody","Régie autonome des transports parisiens","RATP",,,,,,
"agent/FRAN_RI_013-d3m0bo53ebs--fzzl4v71wcx4","d3m0bo53ebs--fzzl4v71wcx4","CorporateBody","Régie française de publicité",,,,,,,
"agent/FRAN_RI_013-d3m0bo67cr4-1xy6lbaie8qqa","d3m0bo67cr4-1xy6lbaie8qqa","CorporateBody","Renault",,,,,,,
"agent/FRAN_RI_013-d3m0bo6to5b--2xurwub5yrxo","d3m0bo6to5b--2xurwub5yrxo","CorporateBody","Réunion des théâtres lyriques de France",,,,,,,
"agent/FRAN_RI_013-d3m0bo6hp4v-13dhzi8h5ny3z","d3m0bo6hp4v-13dhzi8h5ny3z","CorporateBody","Réunion des théâtres lyriques nationaux (France)",,,,"1939-1978.",,,
"agent/FRAN_RI_013-d3m0bo6rmgp-csir6lqtziwl","d3m0bo6rmgp-csir6lqtziwl","CorporateBody","Rhône-Poulenc",,,,,,,
"agent/FRAN_RI_013-d3m0bo5wsud-15ix4rtrh7ie3","d3m0bo5wsud-15ix4rtrh7ie3","CorporateBody","Royal Air Maroc",,,,,,,
"agent/FRAN_RI_013-d-2dgobp4he-xtm4nken4wh","d-2dgobp4he-xtm4nken4wh","CorporateBody","Sentis [A], père et fils et Cie",,,,,,,
"agent/FRAN_RI_013-d-2opx72lrz-erc8oirc66ok","d-2opx72lrz-erc8oirc66ok","CorporateBody","Société anonyme de l'Imprimerie chromotypographique",,,,,,,
"agent/FRAN_RI_013-d3m0bo5n3u1-12jpnshyhv14g","d3m0bo5n3u1-12jpnshyhv14g","CorporateBody","Société des Nations","SDN",,,,,,
"agent/FRAN_RI_013-d3m0bo6vpfp--1a0x3bp0fswq8","d3m0bo6vpfp--1a0x3bp0fswq8","CorporateBody","Société française de production",,,,,,,
"agent/FRAN_RI_013-d-4jpfz1ov8-hgzftqa1mw2p","d-4jpfz1ov8-hgzftqa1mw2p","CorporateBody","Société générale de crédit mobilier espagnol",,"1891-01-01",,,,,
"agent/FRAN_RI_013-d-6me26sfgfq--9aqe2oqd9wo6","d-6me26sfgfq--9aqe2oqd9wo6","CorporateBody","Société Grahal",,,,,,,
"agent/FRAN_RI_013-d-1pry5ksy1-wx5mgpvmaxpd","d-1pry5ksy1-wx5mgpvmaxpd","CorporateBody","Société houillère de Santa-Ana",,,,,,,
"agent/FRAN_RI_013-d-2srvaonyj-1i3jrzv3p6nci","d-2srvaonyj-1i3jrzv3p6nci","CorporateBody","Société Italo Française d'Automobile",,"1890-01-01",,,,,
"agent/FRAN_RI_013-d3m0bo5y2sp--1bw717c8vluvu","d3m0bo5y2sp--1bw717c8vluvu","CorporateBody","Société nationale d'étude et de construction de moteurs d'aviation (France)","SNECMA",,,,,,
"agent/FRAN_RI_013-d3m0bo6rxya-1rz8zs9kx5c1b","d3m0bo6rxya-1rz8zs9kx5c1b","CorporateBody","Société nationale de sauvetage en mer (France)","SNSM | Hospitaliers-Sauveteurs Bretons | Société centrale de sauvetage des naufragés (France)",,,,,,
"agent/FRAN_RI_013-d3m0bo6a2zy-u7eyhukaczwh","d3m0bo6a2zy-u7eyhukaczwh","CorporateBody","Société nationale des chemins de fer français","SNCF",,,,,,
"agent/FRAN_RI_013-d3m0bo67iar--e7e1n2tx6n33","d3m0bo67iar--e7e1n2tx6n33","CorporateBody","Société nationale des entreprises de presse (France)",,,,"1946-1992.",,,
"agent/FRAN_RI_013-d3m0bo6lzmu--m03upcp11fka","d3m0bo6lzmu--m03upcp11fka","CorporateBody","Société nationale maritime Corse Méditerranée","CGTM | Compagnie générale transméditerranéenne | SNCM",,,,,,
"agent/FRAN_RI_013-d-4bgnwkefb-f5oqa4t9hf2t","d-4bgnwkefb-f5oqa4t9hf2t","CorporateBody","Société nationale vinicole (France, 1886-....)",,"1886-01-01",,,,,
"agent/FRAN_RI_013-d3m0bo70pae-16cqgc2i26djw","d3m0bo70pae-16cqgc2i26djw","CorporateBody","Société pour l'expansion des ventes des produits agricoles et alimentaires",,,,,,,
"agent/FRAN_RI_013-d3m0bo5nkh1--3eaikvpygipw","d3m0bo5nkh1--3eaikvpygipw","CorporateBody","Société professionnelle des papiers de presse (France)","Société parisienne des papiers de presse",,,,,,
"agent/FRAN_RI_013-d-6mkb1i37px--19ijuo5b6w5qj","d-6mkb1i37px--19ijuo5b6w5qj","CorporateBody","Société SETEC Organisation",,,,,,,
"agent/FRAN_RI_013-d3m0bo6lizv-1gttwcivo4gz1","d3m0bo6lizv-1gttwcivo4gz1","CorporateBody","Sophia-Antipolis (Alpes-Maritimes)",,,,,,,
"agent/FRAN_RI_013-d3m0bo513j5-lfle470iauzi","d3m0bo513j5-lfle470iauzi","CorporateBody","Syndicat des négociants en objets d'art, tableaux et curiosités (Paris)",,,,"Organise dans les années 30 l'exposition annuelle ""Art ancien dans la vie moderne"" au Salon des arts ménagers.",,,
"agent/FRAN_RI_013-d3m0bo6y2lw--n36l7xf33crk","d3m0bo6y2lw--n36l7xf33crk","CorporateBody","Syndicat des transports d'Ile-de-France","STIF | Syndicat des transports parisiens",,,,,,
"agent/FRAN_RI_013-d3m0bo677lp--iad43xq0ro3","d3m0bo677lp--iad43xq0ro3","CorporateBody","Tanio (navire)",,,,,,,
"agent/FRAN_RI_013-d3m0bo5dlyf--ldd4odwr7ghn","d3m0bo5dlyf--ldd4odwr7ghn","CorporateBody","Télédiffusion de France",,,,,,,
"agent/FRAN_RI_013-d3m0bo5omwe-13f9e3vtubzg0","d3m0bo5omwe-13f9e3vtubzg0","CorporateBody","TF1",,,,,,,
"agent/FRAN_RI_013-d3m0bo5xao5--gfclcmzi5pd8","d3m0bo5xao5--gfclcmzi5pd8","CorporateBody","Théâtre du Rond-Point (Paris)",,,,,,,
"agent/FRAN_RI_013-d3m0bo5uos6--17c5voueku85n","d3m0bo5uos6--17c5voueku85n","CorporateBody","Théâtre national de la Colline (Paris)",,,,,,,
"agent/FRAN_RI_013-d3m0bo70e72--5nn7tu50p4fo","d3m0bo70e72--5nn7tu50p4fo","CorporateBody","Théâtre national de Strasbourg",,,,,,,
"agent/FRAN_RI_013-d3m0bo5kcef--16ivd5cd41etd","d3m0bo5kcef--16ivd5cd41etd","CorporateBody","Thomson-CSF",,,,,,,
"agent/FRAN_RI_013-d3m0bo6yium--12fowi35nvpio","d3m0bo6yium--12fowi35nvpio","CorporateBody","Torrey Canyon (navire)",,,,,,,
"agent/FRAN_RI_013-d3m0bo6rdqy--59vvzr99xain","d3m0bo6rdqy--59vvzr99xain","CorporateBody","Total","Compagnie française des pétroles",,,,,,
"agent/FRAN_RI_013-d3m0bo5aw3u--25jyomyf19te","d3m0bo5aw3u--25jyomyf19te","CorporateBody","Tribunal militaire international (Nuremberg , Allemagne)",,,,"1945-1946",,,
"agent/FRAN_RI_013-d3m0bo5iuiv-1od662dk6z2lf","d3m0bo5iuiv-1od662dk6z2lf","CorporateBody","UBIFRANCE","Centre national du commerce extérieur (France) | Agence française pour le développement international des entreprises | CFCE | Centre français du commerce extérieur",,,"Etablissement public créé en 1945.",,,
"agent/FRAN_RI_013-d3m0bo6h8hw--17ak6uzv3lz3s","d3m0bo6h8hw--17ak6uzv3lz3s","CorporateBody","Unesco","Organisation des Nations Unies pour l'éducation, la science et la culture",,,,,,
"agent/FRAN_RI_013-d3m0bo6loji--110hidmohpf3q","d3m0bo6loji--110hidmohpf3q","CorporateBody","Union de l'Europe occidentale",,,,,,,
"agent/FRAN_RI_013-d3m0bo65oxm-14dfb932o1yb8","d3m0bo65oxm-14dfb932o1yb8","CorporateBody","Union européenne",,,,,,,
"agent/FRAN_RI_013-d3m0bo60b7s-k1trwfgkceb8","d3m0bo60b7s-k1trwfgkceb8","CorporateBody","Union européenne. Comité économique et social","Comité économique et social européen | Communautés européennes. Comité économique et social",,,,,,
"agent/FRAN_RI_013-d3m0bo6zs0f--1xqtkzgoonf9v","d3m0bo6zs0f--1xqtkzgoonf9v","CorporateBody","Union européenne. Commission européenne","Commission européenne",,,"Créée par le traité de Rome, il s'agit d'abord de l'exécutif de la CEE. Par le traité de Bruxelles du 8 avril 1965 (entrée en vigueur le 1er juillet 1967), la Commission européenne devient une institution commune aux 3 Communautés, tout comme le Conseil de l'Union européenne.",,,
"agent/FRAN_RI_013-d3m0bo5k1b3--gc20qjtkfru4","d3m0bo5k1b3--gc20qjtkfru4","CorporateBody","Union européenne. Conseil","Conseil des ministres de la CEE | Conseil des communautés européennes | Conseil de l'Union européenne",,,"Créé par le traité de Rome, il est composé des représentants des gouvernements au sein de la CEE. Par le traité de Bruxelles du 8 avril 1965 (entrée en vigueur le 1er juillet 1967), il devient une institution commune aux 3 Communautés, tout comme la Commission européenne.",,,
"agent/FRAN_RI_013-d3m0bo56llv-1ezy9woz0vahh","d3m0bo56llv-1ezy9woz0vahh","CorporateBody","Union européenne. Cour de justice","Communautés européennes. Cour de justice | Cour de justice de l'Union européenne",,,"Créée en 1957.",,,
"agent/FRAN_RI_013-d3m0bo6ufvm--ihk4n15lw0nd","d3m0bo6ufvm--ihk4n15lw0nd","CorporateBody","Union européenne. Cour des comptes","Cour des comptes européenne | Communautés européennes. Cour des comptes",,,"Créée en 1975.",,,
"agent/FRAN_RI_013-d3m0bo5ecw7--qvho2imvrypj","d3m0bo5ecw7--qvho2imvrypj","CorporateBody","Union européenne. Parlement européen","Parlement européen",,,,,,
"agent/FRAN_RI_013-d3m0bo6ooow--15u07rx76dlfh","d3m0bo6ooow--15u07rx76dlfh","CorporateBody","Union européenne de radiodiffusion",,,,,,,
"agent/FRAN_RI_013-d3m0bo5cedn-qh89au8rxauv","d3m0bo5cedn-qh89au8rxauv","CorporateBody","Union internationale des télécommunications","Union télégraphique internationale",,,,,,
"agent/FRAN_RI_013-d3m0bo6u4sb--v1sxrll2l13h","d3m0bo6u4sb--v1sxrll2l13h","CorporateBody","Union nationale des associations familiales (France)",,,,,,,
"agent/FRAN_RI_013-d3m0bo5rp12--14j48bo2atte4","d3m0bo5rp12--14j48bo2atte4","CorporateBody","Union nationale des centres sportifs de plein air (France)","UCPA",,,,,,
"agent/FRAN_RI_013-d3m0bo67222-lx3wdbpedyv","d3m0bo67222-lx3wdbpedyv","CorporateBody","Union nationale du sport scolaire (France)",,,,,,,
"agent/FRAN_RI_013-d3m0bo70jqq-17vuvbhtl78w7","d3m0bo70jqq-17vuvbhtl78w7","CorporateBody","Union postale universelle",,,,"Créée en 1874.",,,
"agent/FRAN_RI_013-d3nyutzhbr-1llqsjc08imro","d3nyutzhbr-1llqsjc08imro","CorporateBody","Université d'Aix",,,,,,,
"agent/FRAN_RI_013-d3m0bo5ktfo-1dagjd4t3rul2","d3m0bo5ktfo-1dagjd4t3rul2","CorporateBody","Université d'Angers (1364-1794)",,,,,,,
"agent/FRAN_RI_013-d3m0bo6s9fv-hkrygppf7lbn","d3m0bo6s9fv-hkrygppf7lbn","CorporateBody","Université d'Angers (1364-1794). Faculté de théologie",,,,,,,
"agent/FRAN_RI_013-d3m0bo538s4--e2urp2ds7wnw","d3m0bo538s4--e2urp2ds7wnw","CorporateBody","Université de Bordeaux (1441-1970)",,,,,,,
"agent/FRAN_RI_013-d3m0bo5yjty--rgtfrtvs53by","d3m0bo5yjty--rgtfrtvs53by","CorporateBody","Université de Paris (1215-1793)",,,,,,,
"agent/FRAN_RI_013-d3m0bo60xso--1o10m3tt88gmy","d3m0bo60xso--1o10m3tt88gmy","CorporateBody","Université de Paris (1215-1793). Faculté de droit",,,,,,,
"agent/FRAN_RI_013-d3m0bo5tf84--l77jdd5s0dyk","d3m0bo5tf84--l77jdd5s0dyk","CorporateBody","Université de Paris (1215-1793). Faculté de théologie",,,,,,,
"agent/FRAN_RI_013-d3m0bo6skxg--lk0t2lg1mm5o","d3m0bo6skxg--lk0t2lg1mm5o","CorporateBody","Université de Paris (1896-1968)",,,,,,,
"agent/FRAN_RI_013-d3m0bo6oa18--3nt6vapcx737","d3m0bo6oa18--3nt6vapcx737","CorporateBody","Université de Paris VII","Université de Paris 7 | Université Denis Diderot (Paris)",,,,,,
"agent/FRAN_RI_013-d3m0bo5lqbd--1ntcg29x4lh86","d3m0bo5lqbd--1ntcg29x4lh86","CorporateBody","Université Paris-Est Créteil Val-de-Marne","Université de Paris 12 | Université de Paris XII",,,,,,
"agent/FRAN_RI_013-d3m0bo5mt4z--g9mwhi345s52","d3m0bo5mt4z--g9mwhi345s52","CorporateBody","Université René Descartes (Paris)","Université de Paris 5 | Université de Paris V",,,,,,
"agent/FRAN_RI_013-d3m0bo5jfiq-1hob0f6pm2bs1","d3m0bo5jfiq-1hob0f6pm2bs1","CorporateBody","USINOR","USINOR-SACILOR",,,,,,
"agent/FRAN_RI_013-d3m0bo60grg-1xjis0q8ikm0f","d3m0bo60grg-1xjis0q8ikm0f","CorporateBody","Voies navigables de France","Office national de la navigation (France) | VNF",,,,,,
"agent/FRAN_RI_013-d-2f3mmwe3e--1530qleqxa8ik","d-2f3mmwe3e--1530qleqxa8ik","CorporateBody","Wursthorn et Cie",,,,,,,