"URI (segment de base  http://data.archives-nationales.culture.gouv.fr/","Identifiant du pays dans la version du référentiel interne au SIA (RI_005)","Dénomination préférée (skos:prefLabel)","Dénominations alternatives (skos:altLabel)","Date de début  d’existence (rico:beginningDate)","Date de fin  d’existence (rico:endDate)","Historique (rico:history)","Notes sur les modifications effectuées pour ce lieu (skos:changeNote)"
"place/FRAN_RI_005-d3ntxjwkcy-n5udqm0kztt8","d3ntxjwkcy-n5udqm0kztt8","Afghanistan",,,,,
"place/FRAN_RI_005-d3ntxjww00-1wndktbapi68k","d3ntxjww00-1wndktbapi68k","Afrique du Sud",,,,,
"place/FRAN_RI_005-d3ntxjxafy-1uteno2og8qy0","d3ntxjxafy-1uteno2og8qy0","Albanie",,,,,
"place/FRAN_RI_005-d3ntxjxn5s-6kuyi0i46073","d3ntxjxn5s-6kuyi0i46073","Algérie",,,,,
"place/FRAN_RI_005-d3ntxjxyl2-de3n2j7xfcc0","d3ntxjxyl2-de3n2j7xfcc0","Allemagne",,,,,
"place/FRAN_RI_005-d3ntxjyave--1a1ipo7eke3sm","d3ntxjyave--1a1ipo7eke3sm","Andorre",,,,,
"place/FRAN_RI_005-d3ntxjymap--3f1b4bnmsm3c","d3ntxjymap--3f1b4bnmsm3c","Angola",,,,,
"place/FRAN_RI_005-d3ntxjyyl0--1r94c2q21qpj4","d3ntxjyyl0--1r94c2q21qpj4","Antigua-et-Barbuda",,,,,
"place/FRAN_RI_005-d3ntxjza82-h4ls8zg4dnin","d3ntxjza82-h4ls8zg4dnin","Arabie saoudite",,,,,
"place/FRAN_RI_005-d3ntxjzlnd-1npa3rvzff1kd","d3ntxjzlnd-1npa3rvzff1kd","Argentine",,,,,
"place/FRAN_RI_005-d3ntxjzxxo-bgu26jl9r2f","d3ntxjzxxo-bgu26jl9r2f","Arménie",,,,,
"place/FRAN_RI_005-d3ntxk09kq-wy6iavfruhz8","d3ntxk09kq-wy6iavfruhz8","Australie",,,,,
"place/FRAN_RI_005-d3ntxk0ks9-1dn4hde9xnd6e","d3ntxk0ks9-1dn4hde9xnd6e","Autriche",,,,,
"place/FRAN_RI_005-d5bdoym1cq--z9y2q89zqnhl","d5bdoym1cq--z9y2q89zqnhl","Autriche-Hongrie (1867-1918)","Empire Austro-Hongrois","1867","1918",,
"place/FRAN_RI_005-d3ntxk1ebe-tfscfdzsbl8","d3ntxk1ebe-tfscfdzsbl8","Azerbaïdjan",,,,,
"place/FRAN_RI_005-d3ntxk1pix-1eidrwgxpkla9","d3ntxk1pix-1eidrwgxpkla9","Bahamas",,,,,
"place/FRAN_RI_005-d3ntxk20y7-1kvcp8en098fl","d3ntxk20y7-1kvcp8en098fl","Bahreïn",,,,,
"place/FRAN_RI_005-d3ntxk2cl9-45jcb59020n4","d3ntxk2cl9-45jcb59020n4","Bangladesh",,,,,
"place/FRAN_RI_005-d3ntxk2pb4--1t5saxlhuayjq","d3ntxk2pb4--1t5saxlhuayjq","Barbade",,,,,
"place/FRAN_RI_005-d3ntxk30in--c94xo1un1ah3","d3ntxk30in--c94xo1un1ah3","Belgique",,,,,
"place/FRAN_RI_005-d3ntxk3ln4--mjxnfr1xbgtp","d3ntxk3ln4--mjxnfr1xbgtp","Bélize",,,,,
"place/FRAN_RI_005-d3ntxk451j--1ipupd50bbqw1","d3ntxk451j--1ipupd50bbqw1","Bénin","Dahomey",,,,
"place/FRAN_RI_005-d3ntxk4hbv--ipk4ks2m8a7s","d3ntxk4hbv--ipk4ks2m8a7s","Bhoutan",,,,,
"place/FRAN_RI_005-d3ntxk4sr5-12txs5wjgb6lp","d3ntxk4sr5-12txs5wjgb6lp","Biélorussie","Bélarus",,,,
"place/FRAN_RI_005-d3ntxk54lz--1tb5o2sozdtii","d3ntxk54lz--1tb5o2sozdtii","Birmanie","Myanmar",,,,
"place/FRAN_RI_005-d3ntxk5g90-19q3v8huo33h4","d3ntxk5g90-19q3v8huo33h4","Bolivie",,,,,
"place/FRAN_RI_005-d3ntxk5ycv-obzcj3pjis07","d3ntxk5ycv-obzcj3pjis07","Bosnie-Herzégovine",,,,,
"place/FRAN_RI_005-d3ntxk6an7--1sljel6hi58ns","d3ntxk6an7--1sljel6hi58ns","Botswana",,,,,
"place/FRAN_RI_005-d3ntxk6m2h--l8e0e4qh3ifr","d3ntxk6m2h--l8e0e4qh3ifr","Brésil",,,,,
"place/FRAN_RI_005-d3ntxk6xxa-e9tq4m01r3m8","d3ntxk6xxa-e9tq4m01r3m8","Brunei",,,,,
"place/FRAN_RI_005-d3ntxk794t--11m5qut8scqqm","d3ntxk794t--11m5qut8scqqm","Bulgarie",,,,,
"place/FRAN_RI_005-d3ntxk7kzm--11tkk9h44q2xw","d3ntxk7kzm--11tkk9h44q2xw","Burkina","Burkina Faso | Haute-Volta",,,,
"place/FRAN_RI_005-d3ntxk7w75--1nikvscei694a","d3ntxk7w75--1nikvscei694a","Burundi",,,,,
"place/FRAN_RI_005-d3ntxk87mg--gl8z2rawkbez","d3ntxk87mg--gl8z2rawkbez","Cambodge",,,,,
"place/FRAN_RI_005-d3ntxk8j9h--1xb2bzypvnh8b","d3ntxk8j9h--1xb2bzypvnh8b","Cameroun",,,,,
"place/FRAN_RI_005-d3ntxk8y4x-gtyf62ncokz4","d3ntxk8y4x-gtyf62ncokz4","Canada",,,,,
"place/FRAN_RI_005-d3ntxk9bab-1l8ocl3wp5z9q","d3ntxk9bab-1l8ocl3wp5z9q","Cap-Vert",,,,,
"place/FRAN_RI_005-d3ntxk9o05--wxct5ftuiyxu","d3ntxk9o05--wxct5ftuiyxu","Centrafrique","Oubangui-Chari",,,,
"place/FRAN_RI_005-d3ntxk9zuy-1wj1xtjy4euzl","d3ntxk9zuy-1wj1xtjy4euzl","Chili",,,,,
"place/FRAN_RI_005-d3ntxkac5a-8e4epe80c9ko","d3ntxkac5a-8e4epe80c9ko","Chine",,,,,
"place/FRAN_RI_005-d3ntxkaro0-15pfrxrjtwj7m","d3ntxkaro0-15pfrxrjtwj7m","Chypre",,,,,
"place/FRAN_RI_005-d3ntxkb515--w5y8z1zxeyvn","d3ntxkb515--w5y8z1zxeyvn","Colombie",,,,,
"place/FRAN_RI_005-d3ntxkc5w5--fomxs0mjweno","d3ntxkc5w5--fomxs0mjweno","Comores",,,,,
"place/FRAN_RI_005-d3ntxkclmm-fprizcfa4o4s","d3ntxkclmm-fprizcfa4o4s","Congo","Moyen-Congo",,,,
"place/FRAN_RI_005-d3ntxkcyrz--1bv09gkx25n60","d3ntxkcyrz--1bv09gkx25n60","Congo (République démocratique du)","Zaïre | Congo-Kinshasa | Congo-Léopoldville | Congo-Belge",,,,
"place/FRAN_RI_005-d3m08ztm7l2-16sf07bb8r63l","d3m08ztm7l2-16sf07bb8r63l","Corée",,,,"Divisée en 1948 en Corée du Nord et Corée du Sud.",
"place/FRAN_RI_005-d3ntxkdbhu--aq92j7axypcl","d3ntxkdbhu--aq92j7axypcl","Corée du Nord",,,,,
"place/FRAN_RI_005-d3ntxkdnke-iiffep6myfby","d3ntxkdnke-iiffep6myfby","Corée du Sud",,,,,
"place/FRAN_RI_005-d3ntxkdzmz--188yqumboliyb","d3ntxkdzmz--188yqumboliyb","Costa Rica",,,,,
"place/FRAN_RI_005-d3ntxkeexy-r0188j1zvdpe","d3ntxkeexy-r0188j1zvdpe","Côte d’Ivoire",,,,,
"place/FRAN_RI_005-d3ntxkesiu-1lezfchenk55s","d3ntxkesiu-1lezfchenk55s","Croatie",,,,,
"place/FRAN_RI_005-d3ntxkf4t6--1ytudbz8t9ae","d3ntxkf4t6--1ytudbz8t9ae","Cuba",,,,,
"place/FRAN_RI_005-d3ntxkfgvq--1ml7hma97e0bo","d3ntxkfgvq--1ml7hma97e0bo","Danemark",,,,,
"place/FRAN_RI_005-d3ntxkfsqj-16ytfepx1s2vz","d3ntxkfsqj-16ytfepx1s2vz","Djibouti","Côte-française-des-Somalis | Territoire-français-des-Afars-et-des Issas",,,,
"place/FRAN_RI_005-d3ntxkgbho--qtxq7ori0c7z","d3ntxkgbho--qtxq7ori0c7z","Dominicaine (République)",,,,,
"place/FRAN_RI_005-d5bdp5e0z0-1twl0skgw44se","d5bdp5e0z0-1twl0skgw44se","Dominique",,,,,
"place/FRAN_RI_005-d5bdp2m9bi--7qyiku2nrvrt","d5bdp2m9bi--7qyiku2nrvrt","Egypte",,,,,
"place/FRAN_RI_005-d5bdpo5i0v-124jtgvmska7","d5bdpo5i0v-124jtgvmska7","Emirats arabes unis",,,,,
"place/FRAN_RI_005-d3m08yzv8jx--p6v8aday3b7k","d3m08yzv8jx--p6v8aday3b7k","Empire Ottoman (1237-1924)",,"1237","1924",,
"place/FRAN_RI_005-d5bdpb6qy1--1ai5ntf0o6xfo","d5bdpb6qy1--1ai5ntf0o6xfo","Equateur",,,,,
"place/FRAN_RI_005-d5bdp0gmt1--2ppt8r6p957b","d5bdp0gmt1--2ppt8r6p957b","Erythrée",,,,,
"place/FRAN_RI_005-d3ntxkj150-14qdrjsm01noe","d3ntxkj150-14qdrjsm01noe","Espagne",,,,,
"place/FRAN_RI_005-d3ntxkje2m--wsco6cdgpara","d3ntxkje2m--wsco6cdgpara","Estonie",,,,,
"place/FRAN_RI_005-d5bdpnc6n8--6t8agr79pl90","d5bdpnc6n8--6t8agr79pl90","Etats-Unis","USA",,,,
"place/FRAN_RI_005-d5bdpa3ltz-ay3087b9w4at","d5bdpa3ltz-ay3087b9w4at","Ethiopie",,,,,
"place/FRAN_RI_005-d3ntxkkh37-12f40cb2wfl2y","d3ntxkkh37-12f40cb2wfl2y","Fidji",,,,,
"place/FRAN_RI_005-d3ntxkkugc--m8swjzfppxrl","d3ntxkkugc--m8swjzfppxrl","Finlande",,,,,
"place/FRAN_RI_005-d3ntxkl6yf-1f01iiij7xnld","d3ntxkl6yf-1f01iiij7xnld","France",,,,,
"place/FRAN_RI_005-d3ntxkmccd--ee0kizcd1bkh","d3ntxkmccd--ee0kizcd1bkh","Gabon",,,,,
"place/FRAN_RI_005-d3ntxkmoey-sjbc6nq9oo3y","d3ntxkmoey-sjbc6nq9oo3y","Gambie",,,,,
"place/FRAN_RI_005-d3ntxkn0hi--1vtbl4krwys5k","d3ntxkn0hi--1vtbl4krwys5k","Géorgie",,,,,
"place/FRAN_RI_005-d3ntxknc4k-17z27l42zbdrw","d3ntxknc4k-17z27l42zbdrw","Ghana",,,,,
"place/FRAN_RI_005-d3ntxknnzd--1o618nl5gdmcb","d3ntxknnzd--1o618nl5gdmcb","Grèce",,,,,
"place/FRAN_RI_005-d3ntxknzu6-qrgl6nej2u0i","d3ntxknzu6-qrgl6nej2u0i","Grenade",,,,,
"place/FRAN_RI_005-d3ntxkobh8-1nuwaf9kfteaa","d3ntxkobh8-1nuwaf9kfteaa","Guatémala",,,,,
"place/FRAN_RI_005-d3ntxkon49--isghzgoeejyk","d3ntxkon49--isghzgoeejyk","Guinée","Guinée Française",,,,
"place/FRAN_RI_005-d3ntxkpaed--hqgfrh9uhcd0","d3ntxkpaed--hqgfrh9uhcd0","Guinée-Bissao","Guinée Portugaise | Guinée-Bissau",,,,
"place/FRAN_RI_005-d3ntxkoyrb-dsg38cy7u78y","d3ntxkoyrb-dsg38cy7u78y","Guinée équatoriale",,,,,
"place/FRAN_RI_005-d3ntxkpltn--1rfmapk2p1vta","d3ntxkpltn--1rfmapk2p1vta","Guyana","Guyane Britannique",,,,
"place/FRAN_RI_005-d3ntxkpxgp--1v0m0nu0itvsu","d3ntxkpxgp--1v0m0nu0itvsu","Haïti",,,,,
"place/FRAN_RI_005-d3ntxkq9bi-kbche0ccn5w1","d3ntxkq9bi-kbche0ccn5w1","Honduras",,,,,
"place/FRAN_RI_005-d3ntxkqkyk-1uo2do8p3bx0b","d3ntxkqkyk-1uo2do8p3bx0b","Hongrie",,,,,
"place/FRAN_RI_005-d3ntxkrkiz--1shnvwc1hre55","d3ntxkrkiz--1shnvwc1hre55","Inde",,,,,
"place/FRAN_RI_005-d3ntxks14i-1gs8zt6228mrb","d3ntxks14i-1gs8zt6228mrb","Indonésie",,,,,
"place/FRAN_RI_005-d3ntxksdml--6ntmosvkxtsf","d3ntxksdml--6ntmosvkxtsf","Irak","Iraq",,,,
"place/FRAN_RI_005-d3ntxksp1w--343euphulxpk","d3ntxksp1w--343euphulxpk","Iran",,,,,
"place/FRAN_RI_005-d3ntxkt0ox-16bmp6ylm8933","d3ntxkt0ox-16bmp6ylm8933","Irlande","Eire",,,,
"place/FRAN_RI_005-d3ntxktc48--30vkkdnwnoqi","d3ntxktc48--30vkkdnwnoqi","Islande",,,,,
"place/FRAN_RI_005-d3ntxktw5x--84skvc22nt6e","d3ntxktw5x--84skvc22nt6e","Israël",,,,,
"place/FRAN_RI_005-d3ntxku8g8--8c7e9zxf15do","d3ntxku8g8--8c7e9zxf15do","Italie",,,,,
"place/FRAN_RI_005-d3ntxkuk3a--10nejkg023ek7","d3ntxkuk3a--10nejkg023ek7","Jamaïque",,,,,
"place/FRAN_RI_005-d3ntxkuz6i-ibdx4bloxd1l","d3ntxkuz6i-ibdx4bloxd1l","Japon",,,,,
"place/FRAN_RI_005-d3ntxkvbgu--xzyrl81d15gm","d3ntxkvbgu--xzyrl81d15gm","Jordanie","Transjordanie",,,,
"place/FRAN_RI_005-d3ntxkvnbn--yazr1ubyioz0","d3ntxkvnbn--yazr1ubyioz0","Kazakhstan",,,,,
"place/FRAN_RI_005-d3ntxkvyj6--1k002kpmbyv5e","d3ntxkvyj6--1k002kpmbyv5e","Kenya",,,,,
"place/FRAN_RI_005-d3ntxkw9qp--6b230o2m6lgd","d3ntxkw9qp--6b230o2m6lgd","Kirghizstan","Kirghizie | Kirghizistan",,,,
"place/FRAN_RI_005-d3ntxkwky8--1g2haqwf7k707","d3ntxkwky8--1g2haqwf7k707","Kiribati","Iles Gilbert",,,,
"place/FRAN_RI_005-d3ntxkx2ub--j49sgjww5le6","d3ntxkx2ub--j49sgjww5le6","Kosovo",,,,,
"place/FRAN_RI_005-d3ntxkxm8q--18jxkt6cm2kq5","d3ntxkxm8q--18jxkt6cm2kq5","Koweït",,,,,
"place/FRAN_RI_005-d3ntxkxyj2-16vn3akghemar","d3ntxkxyj2-16vn3akghemar","Laos",,,,,
"place/FRAN_RI_005-d3ntxkya63-138uabbb12inm","d3ntxkya63-138uabbb12inm","Lesotho",,,,,
"place/FRAN_RI_005-d3ntxkym0w--dgz2ly2z4p4u","d3ntxkym0w--dgz2ly2z4p4u","Lettonie",,,,,
"place/FRAN_RI_005-d3ntxkyxg7--15s67wc6l2wca","d3ntxkyxg7--15s67wc6l2wca","Liban",,,,,
"place/FRAN_RI_005-d3ntxkz9ir-zo2znk0yyo9h","d3ntxkz9ir-zo2znk0yyo9h","Libéria",,,,,
"place/FRAN_RI_005-d3ntxl05f9-14ndeerzuicfo","d3ntxl05f9-14ndeerzuicfo","Libye","Tripolitaine",,,,
"place/FRAN_RI_005-d3ntxl0hpl--c624kdudp0ot","d3ntxl0hpl--c624kdudp0ot","Liechtenstein",,,,,
"place/FRAN_RI_005-d3ntxl0sx4-uuvy77ni56ar","d3ntxl0sx4-uuvy77ni56ar","Lituanie",,,,,
"place/FRAN_RI_005-d3ntxl14ce-18c4jk8e6gn4a","d3ntxl14ce-18c4jk8e6gn4a","Luxembourg",,,,,
"place/FRAN_RI_005-d3ntxl1ikk--cp61nlyulrn9","d3ntxl1ikk--cp61nlyulrn9","Macédoine (ARYM)","ERYM | ARYM | Ancienne-République-Yougoslave-de-Macédoine | Ex-République-Yougoslave-de-Macédoine",,,,
"place/FRAN_RI_005-d3ntxl1v2o--1qho9a07zb6kc","d3ntxl1v2o--1qho9a07zb6kc","Madagascar",,,,,
"place/FRAN_RI_005-d3ntxl26hy--j4iv2ygy9gcb","d3ntxl26hy--j4iv2ygy9gcb","Malaisie",,,,,
"place/FRAN_RI_005-d3ntxl2hph--xupysq6n4v0","d3ntxl2hph--xupysq6n4v0","Malawi",,,,,
"place/FRAN_RI_005-d3ntxl2tka--1i5qx5obd379r","d3ntxl2tka--1i5qx5obd379r","Maldives",,,,,
"place/FRAN_RI_005-d3ntxl34zk-1ite6286zy9kc","d3ntxl34zk-1ite6286zy9kc","Mali",,,,,
"place/FRAN_RI_005-d3ntxl3gud--1dts4g19kvj70","d3ntxl3gud--1dts4g19kvj70","Malte",,,,,
"place/FRAN_RI_005-d3ntxl3s9o-18z3mton10zrv","d3ntxl3s9o-18z3mton10zrv","Maroc",,,,,
"place/FRAN_RI_005-d3ntxl43h7-1cidkwjplzvfm","d3ntxl43h7-1cidkwjplzvfm","Marshall",,,,,
"place/FRAN_RI_005-d3ntxl4f49--1d0j1kmpl73nk","d3ntxl4f49--1d0j1kmpl73nk","Maurice",,,,,
"place/FRAN_RI_005-d3ntxl4tk6--1ewb1qskfwkmk","d3ntxl4tk6--1ewb1qskfwkmk","Mauritanie",,,,,
"place/FRAN_RI_005-d3ntxl5629--bz5leouyg7ju","d3ntxl5629--bz5leouyg7ju","Mexique",,,,,
"place/FRAN_RI_005-d3ntxl5hhk--5nzr3scbfq16","d3ntxl5hhk--5nzr3scbfq16","Micronésie",,,,,
"place/FRAN_RI_005-d3ntxl5sp2--1ljz837l5jke0","d3ntxl5sp2--1ljz837l5jke0","Moldavie",,,,,
"place/FRAN_RI_005-d3ntxl64jw-1801oxsl3mitn","d3ntxl64jw-1801oxsl3mitn","Monaco",,,,,
"place/FRAN_RI_005-d3ntxl6frf--1h6nm3vlx8v1y","d3ntxl6frf--1h6nm3vlx8v1y","Mongolie",,,,,
"place/FRAN_RI_005-d3ntxl6rm8--22ei92238m8l","d3ntxl6rm8--22ei92238m8l","Monténégro",,,,,
"place/FRAN_RI_005-d3ntxl72tr-1lyyssuwo4xwi","d3ntxl72tr-1lyyssuwo4xwi","Mozambique",,,,,
"place/FRAN_RI_005-d3ntxl7e1a--13m76gl0c378g","d3ntxl7e1a--13m76gl0c378g","Namibie",,,,,
"place/FRAN_RI_005-d3ntxl7pgk--1v1b30vgywuyh","d3ntxl7pgk--1v1b30vgywuyh","Nauru",,,,,
"place/FRAN_RI_005-d3ntxl85uc--don65d4577zi","d3ntxl85uc--don65d4577zi","Népal",,,,,
"place/FRAN_RI_005-d3ntxl8naw--1tre25j10mp7n","d3ntxl8naw--1tre25j10mp7n","Nicaragua",,,,,
"place/FRAN_RI_005-d3ntxl96pb-104vgyp6ymbxy","d3ntxl96pb-104vgyp6ymbxy","Niger",,,,,
"place/FRAN_RI_005-d3ntxl9izn--1ghsrztodx6qw","d3ntxl9izn--1ghsrztodx6qw","Nigéria",,,,,
"place/FRAN_RI_005-d3ntxl9v9z--nxz6o208s4yg","d3ntxl9v9z--nxz6o208s4yg","Norvège",,,,,
"place/FRAN_RI_005-d3ntxla6p9--1xaxq6mkx1374","d3ntxla6p9--1xaxq6mkx1374","Nouvelle-Zélande",,,,,
"place/FRAN_RI_005-d3ntxlaicb-15sl5wtih8vw1","d3ntxlaicb-15sl5wtih8vw1","Oman",,,,,
"place/FRAN_RI_005-d3ntxlatrl--1je454uojmhzj","d3ntxlatrl--1je454uojmhzj","Ouganda",,,,,
"place/FRAN_RI_005-d3ntxlb8fa--jizoatzpeysm","d3ntxlb8fa--jizoatzpeysm","Ouzbékistan",,,,,
"place/FRAN_RI_005-d3ntxlbkxd--1sy87xjyh4sft","d3ntxlbkxd--1sy87xjyh4sft","Pakistan",,,,,
"place/FRAN_RI_005-d3ntxlbw4w--f9a8dgfq8gro","d3ntxlbw4w--f9a8dgfq8gro","Palaos",,,,,
"place/FRAN_RI_005-d3ntxlc87h-1q6yz6frtt3u3","d3ntxlc87h-1q6yz6frtt3u3","Panama",,,,,
"place/FRAN_RI_005-d3ntxlcjmr-1xcez6eqs9z7i","d3ntxlcjmr-1xcez6eqs9z7i","Papouasie-Nouvelle-Guinée",,,,,
"place/FRAN_RI_005-d3ntxlcvhk-gmlm97bt6te5","d3ntxlcvhk-gmlm97bt6te5","Paraguay",,,,,
"place/FRAN_RI_005-d3ntxld6p3-1nlqlzrn1cur0","d3ntxld6p3-1nlqlzrn1cur0","Pays-Bas",,,,,
"place/FRAN_RI_005-d3ntxldijw-uft190sxh7am","d3ntxldijw-uft190sxh7am","Pérou",,,,,
"place/FRAN_RI_005-d3ntxldtz6--usy9n7boyqgb","d3ntxldtz6--usy9n7boyqgb","Philippines",,,,,
"place/FRAN_RI_005-d3ntxle8f4--7cm271muwi1d","d3ntxle8f4--7cm271muwi1d","Pologne",,,,,
"place/FRAN_RI_005-d3ntxlekx7--1o2ff4b0v3ptu","d3ntxlekx7--1o2ff4b0v3ptu","Portugal",,,,,
"place/FRAN_RI_005-d3ntxlf8ul--1lh1ssgtupfby","d3ntxlf8ul--1lh1ssgtupfby","Qatar",,,,,
"place/FRAN_RI_005-d5bdphxjo1-xc1fjs9iha0a","d5bdphxjo1-xc1fjs9iha0a","République démocratique allemande (1949-1990)","DDR | Allemagne de l'Est | RDA","1949","1990",,
"place/FRAN_RI_005-d5bdpcbqg7-dthfmmpfs7o3","d5bdpcbqg7-dthfmmpfs7o3","République fédérale d'Allemagne (1949-1990)","Allemagne de l'Ouest | RFA","1949","1990",,
"place/FRAN_RI_005-d3ntxlgwk5--1es7xt1ruo381","d3ntxlgwk5--1es7xt1ruo381","Roumanie",,,,,
"place/FRAN_RI_005-d3ntxlh9hr-pry10srrczvg","d3ntxlh9hr-pry10srrczvg","Royaume-Uni",,,,,
"place/FRAN_RI_005-d3ntxlhlzu--xk25nxgg86yz","d3ntxlhlzu--xk25nxgg86yz","Russie",,,,,
"place/FRAN_RI_005-d3ntxli131-1icxazkh6we0e","d3ntxli131-1icxazkh6we0e","Rwanda",,,,,
"place/FRAN_RI_005-d3ntxlipvg-x3sexrk332fr","d3ntxlipvg-x3sexrk332fr","Saint-Christophe-et-Niévès",,,,,
"place/FRAN_RI_005-d3ntxlju6m--15w1nabmqgo04","d3ntxlju6m--15w1nabmqgo04","Sainte-Lucie",,,,,
"place/FRAN_RI_005-d3ntxlj5e7--1jhalglp2tbdg","d3ntxlj5e7--1jhalglp2tbdg","Saint-Marin",,,,,
"place/FRAN_RI_005-d3ntxljibt--3aoja9muuafb","d3ntxljibt--3aoja9muuafb","Saint-Vincent-et-les-Grenadines",,,,,
"place/FRAN_RI_005-d3ntxlk9hl-j945om2vug29","d3ntxlk9hl-j945om2vug29","Salomon",,,,,
"place/FRAN_RI_005-d3ntxlkmmy--18c3wiljmwxmr","d3ntxlkmmy--18c3wiljmwxmr","Salvador",,,,,
"place/FRAN_RI_005-d3ntxlkyhr-6s57c615z97i","d3ntxlkyhr-6s57c615z97i","Samoa",,,,,
"place/FRAN_RI_005-d3ntxllh14--vic3ucufn7oq","d3ntxllh14--vic3ucufn7oq","Sao Tomé-et-Principe",,,,,
"place/FRAN_RI_005-d3ntxlm0fj--1uvyjh4y8ws6h","d3ntxlm0fj--1uvyjh4y8ws6h","Sénégal",,,,,
"place/FRAN_RI_005-d3ntxlmdso--t1w66c8igp2r","d3ntxlmdso--t1w66c8igp2r","Serbie",,,,,
"place/FRAN_RI_005-d5bdppexou-4dpc07v5ugdt","d5bdppexou-4dpc07v5ugdt","Serbie-et-Monténégro (2003-2006)",,"2003","2006",,
"place/FRAN_RI_005-d3ntxln25k--57jk9r2wmtrr","d3ntxln25k--57jk9r2wmtrr","Seychelles",,,,,
"place/FRAN_RI_005-d3ntxlne0d-uao68znm7sa8","d3ntxlne0d-uao68znm7sa8","Sierra Leone",,,,,
"place/FRAN_RI_005-d3ntxlntbc--m4yq8dhbge6x","d3ntxlntbc--m4yq8dhbge6x","Singapour",,,,,
"place/FRAN_RI_005-d3ntxlo6gp-1ifnicrch1rar","d3ntxlo6gp-1ifnicrch1rar","Slovaquie",,,,,
"place/FRAN_RI_005-d3ntxloija-4j2uxab038lo","d3ntxloija-4j2uxab038lo","Slovénie",,,,,
"place/FRAN_RI_005-d3ntxloy9s-rk89fxriv9w5","d3ntxloy9s-rk89fxriv9w5","Somalie",,,,,
"place/FRAN_RI_005-d3ntxlpb7d--15r3dsp199lci","d3ntxlpb7d--15r3dsp199lci","Soudan",,,,,
"place/FRAN_RI_005-d5bdp9fjhz--3pmapymo2bes","d5bdp9fjhz--3pmapymo2bes","Soudan du Sud",,,,"Créé en juillet 2011.",
"place/FRAN_RI_005-d3ntxlpn26-19ohab3qvbnnh","d3ntxlpn26-19ohab3qvbnnh","Sri Lanka","Ceylan",,,,
"place/FRAN_RI_005-d3ntxlq5lk-k2xz4bd4dcxr","d3ntxlq5lk-k2xz4bd4dcxr","Suède",,,,,
"place/FRAN_RI_005-d3ntxlqozz--1f3x6hvqucf3g","d3ntxlqozz--1f3x6hvqucf3g","Suisse",,,,,
"place/FRAN_RI_005-d3ntxlr25c-pg8sbysroo00","d3ntxlr25c-pg8sbysroo00","Suriname",,,,,
"place/FRAN_RI_005-d3ntxlthg7--1futlfkepgt7m","d3ntxlthg7--1futlfkepgt7m","Swaziland",,,,,
"place/FRAN_RI_005-d3ntxltulk--gas4jyk9me5c","d3ntxltulk--gas4jyk9me5c","Syrie",,,,,
"place/FRAN_RI_005-d3ntxlu6o5--19cn9hinz0tvi","d3ntxlu6o5--19cn9hinz0tvi","Tadjikistan",,,,,
"place/FRAN_RI_005-d3ntxluiyg-zd4essvny6sb","d3ntxluiyg-zd4essvny6sb","Taïwan",,,,,
"place/FRAN_RI_005-d3ntxluvgk--1r1p1lp3igou1","d3ntxluvgk--1r1p1lp3igou1","Tanzanie",,,,,
"place/FRAN_RI_005-d3ntxlv7bd--o4jl9nd24dqf","d3ntxlv7bd--o4jl9nd24dqf","Tchad",,,,,
"place/FRAN_RI_005-d5bdpod4fj-c5znnd28ssxr","d5bdpod4fj-c5znnd28ssxr","Tchécoslovaquie (1918-1992)",,"1918","1992",,
"place/FRAN_RI_005-d3ntxlvywn--1phrbr8n4wbf5","d3ntxlvywn--1phrbr8n4wbf5","Tchèque (République)","République tchèque",,,,
"place/FRAN_RI_005-d3ntxlwc21-5336iraxp597","d3ntxlwc21-5336iraxp597","Thaïlande","Siam",,,,
"place/FRAN_RI_005-d3ntxlworv--1fdexw10zuaea","d3ntxlworv--1fdexw10zuaea","Timor oriental","Timor-Leste",,,,
"place/FRAN_RI_005-d3ntxlx127-m9w5e2qttwap","d3ntxlx127-m9w5e2qttwap","Togo",,,,,
"place/FRAN_RI_005-d3ntxlxdcj--1rqrq6ingl9xw","d3ntxlxdcj--1rqrq6ingl9xw","Tonga",,,,,
"place/FRAN_RI_005-d3ntxlxsv9-1hd9movh3hhjv","d3ntxlxsv9-1hd9movh3hhjv","Trinité-et-Tobago",,,,,
"place/FRAN_RI_005-d3ntxly60m--alytytl85l0a","d3ntxly60m--alytytl85l0a","Tunisie",,,,,
"place/FRAN_RI_005-d3ntxlyiqh-1qqhr5msym7ns","d3ntxlyiqh-1qqhr5msym7ns","Turkménistan",,,,,
"place/FRAN_RI_005-d3ntxlyula-1qj2xqwyl4the","d3ntxlyula-1qj2xqwyl4the","Turquie",,,,,
"place/FRAN_RI_005-d3ntxlz73d--3kjbs9pqmpcq","d3ntxlz73d--3kjbs9pqmpcq","Tuvalu",,,,,
"place/FRAN_RI_005-d3ntxlzn9e--18rviijd4m2nf","d3ntxlzn9e--18rviijd4m2nf","Ukraine",,,,,
"place/FRAN_RI_005-d5bdozt385-1ddlqtimgcatn","d5bdozt385-1ddlqtimgcatn","URSS (1922-1991)","Union des républiques socialistes soviétiques | Union soviétique","1922","1991",,
"place/FRAN_RI_005-d3ntxm0chb-1mwjmevisbc56","d3ntxm0chb-1mwjmevisbc56","Uruguay",,,,,
"place/FRAN_RI_005-d3m08zg522c--1t6ub9c45zktn","d3m08zg522c--1t6ub9c45zktn","Vanuatu",,,,,
"place/FRAN_RI_005-d3ntxm14xo--le8il0cmf7di","d3ntxm14xo--le8il0cmf7di","Vatican","Saint-Siège",,,,
"place/FRAN_RI_005-d3ntxm1gkp-ow80x0hccfo4","d3ntxm1gkp-ow80x0hccfo4","Vénézuéla",,,,,
"place/FRAN_RI_005-d3ntxm1sfi-oacjamv1qe6l","d3ntxm1sfi-oacjamv1qe6l","Vietnam","Viêt Nam",,,,
"place/FRAN_RI_005-d5bdpqli3o--1p8qjh26hm9ro","d5bdpqli3o--1p8qjh26hm9ro","Vietnam (République démocratique du, 1955-1975)","Vietnam du Nord",,,,
"place/FRAN_RI_005-d5bdoz339m--19ffsppnq8o37","d5bdoz339m--19ffsppnq8o37","Vietnam (République du, 1955-1975)","Vietnam du Sud",,,,
"place/FRAN_RI_005-d3ntxm2zjj--9h4rp6xiguuu","d3ntxm2zjj--9h4rp6xiguuu","Yémen",,,,"Créé en 1990 par réunification du Yémen du Nord et du Yémen du Sud.",
"place/FRAN_RI_005-d5bdp33h9o--tybrmwi32a0g","d5bdp33h9o--tybrmwi32a0g","Yémen du Nord (1962-1990)",,"1962","1990",,
"place/FRAN_RI_005-d5bdp5nhc9--vyzbvk8gsb2m","d5bdp5nhc9--vyzbvk8gsb2m","Yémen du Sud (1967-1990)",,"1967","1990",,
"place/FRAN_RI_005-d3m08zfsbpu-ymiwkgh36rye","d3m08zfsbpu-ymiwkgh36rye","Yougoslavie (1929-1991)",,"1929","1991",,
"place/FRAN_RI_005-d3ntxm4i2v-algp8fl9dfke","d3ntxm4i2v-algp8fl9dfke","Zambie",,,,,
"place/FRAN_RI_005-d5bdpd7uhu--eglri0gyddko","d5bdpd7uhu--eglri0gyddko","Zimbabwe",,,,,