"URI (segment de base http://data.archives-nationales.culture.gouv.fr/","Identifiant de la commune dans la version du référentiel interne au SIA (RI_005)","Dénomination préférée (skos:prefLabel)","Dénominations alternatives (skos:altLabel)","Description (rico:descriptiveNote)","Historique (rico:history)","Nom et id du département d’appartenance","Code INSEE","Coordonnées du chef-lieu (RGF93 projection Lambert 93)","Lieux équivalents dans d’autres référentiels (owl:sameAs)","Communes adjacentes"
"place/FRAN_RI_005-d3ntgu12a1-l1fwyub6xjet","d3ntgu12a1-l1fwyub6xjet","Afa (Corse-du-Sud)","Afa","arrondissement : 2A1 | canton : Ajaccio 7e Canton","1er janvier 1976 : Afa est rattaché au département (Anc. 20001).","Corse-du-Sud (Corse, département) [d3ntb7h3jn-16it3tcjqcvnn]","2A001","POINT(1180800 6115700)","http://id.insee.fr/geo/commune/2A001 | http://data.ign.fr/id/geofla/commune/2A001 | http://data.alegoria-project.fr/id/ign/unitesadministratives/commune/2A001","Alata (Corse-du-Sud) [d3ntgu1pzn-1nqghomiwjj06] | Ajaccio (Corse-du-Sud) [d3ntgu1ecl--obj9vm5rr46m] | Sarrola-Carcopino (Corse-du-Sud) [d3ntguykc1-e7cxoq9kup1x] | Appietto (Corse-du-Sud) [d3ntgu30zd--18gkkw976ri8o]"
"place/FRAN_RI_005-d3ntgu1ecl--obj9vm5rr46m","d3ntgu1ecl--obj9vm5rr46m","Ajaccio (Corse-du-Sud)","Ajaccio","arrondissement : 2A1","1er janvier 1976 : Ajaccio est rattaché au département (Anc. 20004).","Corse-du-Sud (Corse, département) [d3ntb7h3jn-16it3tcjqcvnn]","2A004","POINT(1176400 6108900)","http://id.insee.fr/geo/commune/2A004 | http://data.ign.fr/id/geofla/commune/2A004 | http://data.alegoria-project.fr/id/ign/unitesadministratives/commune/2A004","Alata (Corse-du-Sud) [d3ntgu1pzn-1nqghomiwjj06] | Afa (Corse-du-Sud) [d3ntgu12a1-l1fwyub6xjet] | Bastelicaccia (Corse-du-Sud) [d3ntgu6uak-7ek8289acys0] | Grosseto-Prugna (Corse-du-Sud) [d3ntgujgoy-u3s6wprt1kjt] | Villanova (Corse-du-Sud) [d3ntgv7hy5-154n2lv24nf2x] | Sarrola-Carcopino (Corse-du-Sud) [d3ntguykc1-e7cxoq9kup1x]"
"place/FRAN_RI_005-d3ntgu1pzn-1nqghomiwjj06","d3ntgu1pzn-1nqghomiwjj06","Alata (Corse-du-Sud)","Alata","arrondissement : 2A1 | canton : Ajaccio 7e Canton","1er janvier 1976 : Alata est rattaché au département (Anc. 20006).","Corse-du-Sud (Corse, département) [d3ntb7h3jn-16it3tcjqcvnn]","2A006","POINT(1176500 6114700)","http://id.insee.fr/geo/commune/2A006 | http://data.ign.fr/id/geofla/commune/2A006 | http://data.alegoria-project.fr/id/ign/unitesadministratives/commune/2A006","Afa (Corse-du-Sud) [d3ntgu12a1-l1fwyub6xjet] | Villanova (Corse-du-Sud) [d3ntgv7hy5-154n2lv24nf2x] | Ajaccio (Corse-du-Sud) [d3ntgu1ecl--obj9vm5rr46m] | Appietto (Corse-du-Sud) [d3ntgu30zd--18gkkw976ri8o]"
"place/FRAN_RI_005-d3ntgu21ug-1nj1o9ynk66sx","d3ntgu21ug-1nj1o9ynk66sx","Albitreccia (Corse-du-Sud)","Albitreccia","arrondissement : 2A1 | canton : Santa-Maria-Siché","1er janvier 1976 : Albitreccia est rattaché au département (Anc. 20008).","Corse-du-Sud (Corse, département) [d3ntb7h3jn-16it3tcjqcvnn]","2A008","POINT(1194000 6103200)","http://id.insee.fr/geo/commune/2A008 | http://data.ign.fr/id/geofla/commune/2A008 | http://data.alegoria-project.fr/id/ign/unitesadministratives/commune/2A008","Guargualé (Corse-du-Sud) [d3ntguk4ek-dp3wxio5y9fm] | Urbalacone (Corse-du-Sud) [d3ntgv5m9h-175hy2znf6cqq] | Cardo-Torgia (Corse-du-Sud) [d3ntguajic--1f0cv8hbbusd8] | Cognocoli-Monticchi (Corse-du-Sud) [d3ntgudebx--tm8z2cvminwk] | Pietrosella (Corse-du-Sud) [d3ntgute39-1j39yzqvur3x5] | Grosseto-Prugna (Corse-du-Sud) [d3ntgujgoy-u3s6wprt1kjt]"
"place/FRAN_RI_005-d3ntgu2dhi-dtvtbvuplncn","d3ntgu2dhi-dtvtbvuplncn","Altagène (Corse-du-Sud)","Altagène","arrondissement : 2A4 | canton : Tallano-Scopamène","1er janvier 1976 : Altagène est rattaché au département (Anc. 20011).","Corse-du-Sud (Corse, département) [d3ntb7h3jn-16it3tcjqcvnn]","2A011","POINT(1205900 6086700)","http://id.insee.fr/geo/commune/2A011 | http://data.ign.fr/id/geofla/commune/2A011 | http://data.alegoria-project.fr/id/ign/unitesadministratives/commune/2A011","Serra-di-Scopamène (Corse-du-Sud) [d3ntguzlua--iwvf333x3pwu] | Mela (Corse-du-Sud) [d3ntgumxxl-5inpdn8d58lr] | Levie (Corse-du-Sud) [d3ntgulfea--1d47vnxcs3o06] | Zoza (Corse-du-Sud) [d3ntgva0p6-yahs0qv33ljn] | Sainte-Lucie-de-Tallano (Corse-du-Sud) [d3ntgv2dn8-1dfgvl974hjrk]"
"place/FRAN_RI_005-d3ntgu2p4k-1ndod6qokx1vj","d3ntgu2p4k-1ndod6qokx1vj","Ambiegna (Corse-du-Sud)","Ambiegna","arrondissement : 2A1 | canton : Cruzini-Cinarca","1er janvier 1976 : Ambiegna est rattaché au département (Anc. 20014).","Corse-du-Sud (Corse, département) [d3ntb7h3jn-16it3tcjqcvnn]","2A014","POINT(1179700 6126800)","http://id.insee.fr/geo/commune/2A014 | http://data.ign.fr/id/geofla/commune/2A014 | http://data.alegoria-project.fr/id/ign/unitesadministratives/commune/2A014","Coggia (Corse-du-Sud) [d3ntgud1eb--1xxcqffppvuw2] | Arbori (Corse-du-Sud) [d3ntgu3oh7--z7nbj3bfk1i6] | Arro (Corse-du-Sud) [d3ntgu4pzh-1ckgfdgdoj6mr] | Sari-d'Orcino (Corse-du-Sud) [d3ntguy512--1ne3jljrcd1a3] | Casaglione (Corse-du-Sud) [d3ntgubjia-17m8e3m4oiti6]"
"place/FRAN_RI_005-d3ntgu30zd--18gkkw976ri8o","d3ntgu30zd--18gkkw976ri8o","Appietto (Corse-du-Sud)","Appietto","arrondissement : 2A1 | canton : Ajaccio 7e Canton","1er janvier 1976 : Appietto est rattaché au département (Anc. 20017).","Corse-du-Sud (Corse, département) [d3ntb7h3jn-16it3tcjqcvnn]","2A017","POINT(1178300 6118900)","http://id.insee.fr/geo/commune/2A017 | http://data.ign.fr/id/geofla/commune/2A017 | http://data.alegoria-project.fr/id/ign/unitesadministratives/commune/2A017","Alata (Corse-du-Sud) [d3ntgu1pzn-1nqghomiwjj06] | Afa (Corse-du-Sud) [d3ntgu12a1-l1fwyub6xjet] | Valle-di-Mezzana (Corse-du-Sud) [d3ntgv5yrk--gol2vgq0vso6] | Calcatoggio (Corse-du-Sud) [d3ntgu8l8j--1tsj1yy6w1mzk] | Sarrola-Carcopino (Corse-du-Sud) [d3ntguykc1-e7cxoq9kup1x]"
"place/FRAN_RI_005-d3ntgu3d9o--df8rwiov05q","d3ntgu3d9o--df8rwiov05q","Arbellara (Corse-du-Sud)","Arbellara","arrondissement : 2A4 | canton : Olmeto","1er janvier 1976 : Arbellara est rattaché au département (Anc. 20018).","Corse-du-Sud (Corse, département) [d3ntb7h3jn-16it3tcjqcvnn]","2A018","POINT(1199500 6083400)","http://id.insee.fr/geo/commune/2A018 | http://data.ign.fr/id/geofla/commune/2A018 | http://data.alegoria-project.fr/id/ign/unitesadministratives/commune/2A018","Olmiccia (Corse-du-Sud) [d3ntgupkcj-1cssbez5ph06j] | Viggianello (Corse-du-Sud) [d3ntgv74l1-1r9wi1jesgoue] | Sartène (Corse-du-Sud) [d3ntguyx9n--16956q41dssko] | Loreto-di-Tallano (Corse-du-Sud) [d3ntgum3jf--17lzdsed0gj2x] | Fozzano (Corse-du-Sud) [d3ntguhpj8--10on193y6j31j]"
"place/FRAN_RI_005-d3ntgu3oh7--z7nbj3bfk1i6","d3ntgu3oh7--z7nbj3bfk1i6","Arbori (Corse-du-Sud)","Arbori","arrondissement : 2A1 | canton : Les Deux-Sorru","1er janvier 1976 : Arbori est rattaché au département (Anc. 20019).","Corse-du-Sud (Corse, département) [d3ntb7h3jn-16it3tcjqcvnn]","2A019","POINT(1179600 6133300)","http://id.insee.fr/geo/commune/2A019 | http://data.ign.fr/id/geofla/commune/2A019 | http://data.alegoria-project.fr/id/ign/unitesadministratives/commune/2A019","Coggia (Corse-du-Sud) [d3ntgud1eb--1xxcqffppvuw2] | Ambiegna (Corse-du-Sud) [d3ntgu2p4k-1ndod6qokx1vj] | Rosazia (Corse-du-Sud) [d3ntguwtlt-786d9opc2a2h] | Murzo (Corse-du-Sud) [d3ntguo8pj-1drppzlykphok] | Arro (Corse-du-Sud) [d3ntgu4pzh-1ckgfdgdoj6mr] | Lopigna (Corse-du-Sud) [d3ntgulrwd--fas8i09eibvh] | Vico (Corse-du-Sud) [d3ntgv6o79--13v37nn375s2k]"
"place/FRAN_RI_005-d3ntgu49th--1w96p3eqbs3az","d3ntgu49th--1w96p3eqbs3az","Argiusta-Moriccio (Corse-du-Sud)","Argiusta-Moriccio","arrondissement : 2A4 | canton : Petreto-Bicchisano","1er janvier 1976 : Argiusta-Moriccio est rattaché au département (Anc. 20021).","Corse-du-Sud (Corse, département) [d3ntb7h3jn-16it3tcjqcvnn]","2A021","POINT(1201100 6098400)","http://id.insee.fr/geo/commune/2A021 | http://data.ign.fr/id/geofla/commune/2A021 | http://data.alegoria-project.fr/id/ign/unitesadministratives/commune/2A021","Forciolo (Corse-du-Sud) [d3ntguhc63--1vnvceunzpo28] | Aullène (Corse-du-Sud) [d3ntgu52x3--1ik8ujgvrnm1l] | Zigliara (Corse-du-Sud) [d3ntgv92fb-1o0bfzkhjsfdg] | Moca-Croce (Corse-du-Sud) [d3ntgunb2y-1b98a05gaersq] | Olivese (Corse-du-Sud) [d3ntguowf5-1qp2e21ag808a]"
"place/FRAN_RI_005-d3ntgu4pzh-1ckgfdgdoj6mr","d3ntgu4pzh-1ckgfdgdoj6mr","Arro (Corse-du-Sud)","Arro","arrondissement : 2A1 | canton : Cruzini-Cinarca","1er janvier 1976 : Arro est rattaché au département (Anc. 20022).Sarrola-Carcopino est rattaché au département (Anc. 20271).","Corse-du-Sud (Corse, département) [d3ntb7h3jn-16it3tcjqcvnn]","2A022","POINT(1181400 6127900)","http://id.insee.fr/geo/commune/2A022 | http://data.ign.fr/id/geofla/commune/2A022 | http://data.alegoria-project.fr/id/ign/unitesadministratives/commune/2A022","Arbori (Corse-du-Sud) [d3ntgu3oh7--z7nbj3bfk1i6] | Ambiegna (Corse-du-Sud) [d3ntgu2p4k-1ndod6qokx1vj] | Sari-d'Orcino (Corse-du-Sud) [d3ntguy512--1ne3jljrcd1a3] | Lopigna (Corse-du-Sud) [d3ntgulrwd--fas8i09eibvh]"
"place/FRAN_RI_005-d3ntgu52x3--1ik8ujgvrnm1l","d3ntgu52x3--1ik8ujgvrnm1l","Aullène (Corse-du-Sud)","Aullène","arrondissement : 2A4 | canton : Tallano-Scopamène","1er janvier 1976 : Aullène est rattaché au département (Anc. 20024).Monacia-d'Aullène est rattaché au département (Anc. 20163).","Corse-du-Sud (Corse, département) [d3ntb7h3jn-16it3tcjqcvnn]","2A024","POINT(1206300 6094000)","http://id.insee.fr/geo/commune/2A024 | http://data.ign.fr/id/geofla/commune/2A024 | http://data.alegoria-project.fr/id/ign/unitesadministratives/commune/2A024","Serra-di-Scopamène (Corse-du-Sud) [d3ntguzlua--iwvf333x3pwu] | Zérubia (Corse-du-Sud) [d3ntgv7uo0--mgkzlcke3ym3] | Zicavo (Corse-du-Sud) [d3ntgv8jgf-17ynsaypyo9ij] | Moca-Croce (Corse-du-Sud) [d3ntgunb2y-1b98a05gaersq] | Argiusta-Moriccio (Corse-du-Sud) [d3ntgu49th--1w96p3eqbs3az] | Olivese (Corse-du-Sud) [d3ntguowf5-1qp2e21ag808a]"
"place/FRAN_RI_005-d3ntgu5ek5-177r527beixef","d3ntgu5ek5-177r527beixef","Azilone-Ampaza (Corse-du-Sud)","Azilone-Ampaza","arrondissement : 2A1 | canton : Santa-Maria-Siché","1er janvier 1976 : Azilone-Ampaza est rattaché au département (Anc. 20026).","Corse-du-Sud (Corse, département) [d3ntb7h3jn-16it3tcjqcvnn]","2A026","POINT(1199900 6103800)","http://id.insee.fr/geo/commune/2A026 | http://data.ign.fr/id/geofla/commune/2A026 | http://data.alegoria-project.fr/id/ign/unitesadministratives/commune/2A026","Santa-Maria-Siché (Corse-du-Sud) [d3ntgv35ga-12sxrh5z3ohz7] | Forciolo (Corse-du-Sud) [d3ntguhc63--1vnvceunzpo28] | Zigliara (Corse-du-Sud) [d3ntgv92fb-1o0bfzkhjsfdg] | Frasseto (Corse-du-Sud) [d3ntgui1e1-8up8uikjfb28] | Zévaco (Corse-du-Sud) [d3ntgv86yc--tbjg186f2d3q]"
"place/FRAN_RI_005-d3ntgu5qmp-1x6gwii4s9nkw","d3ntgu5qmp-1x6gwii4s9nkw","Azzana (Corse-du-Sud)","Azzana","arrondissement : 2A1 | canton : Cruzini-Cinarca","1er janvier 1976 : Azzana est rattaché au département (Anc. 20027).","Corse-du-Sud (Corse, département) [d3ntb7h3jn-16it3tcjqcvnn]","2A027","POINT(1190400 6131400)","http://id.insee.fr/geo/commune/2A027 | http://data.ign.fr/id/geofla/commune/2A027 | http://data.alegoria-project.fr/id/ign/unitesadministratives/commune/2A027","Rezza (Corse-du-Sud) [d3ntguwhj9-1juo0ukidodpz] | Guagno (Corse-du-Sud) [d3ntgujsjr-1u42rp2pi5182] | Poggiolo (Corse-du-Sud) [d3ntguu3iy-4zai5k00b71o] | Salice (Corse-du-Sud) [d3ntgux5gn-1muibe2hb7bj0] | Ucciani (Corse-du-Sud) [d3ntgv581b-1c0knvutoarrw] | Tavera (Corse-du-Sud) [d3ntgv4amh--qtpgxvpehv33] | Vero (Corse-du-Sud) [d3ntgv6bhf-1eec9o5f7yimf]"
"place/FRAN_RI_005-d3ntgu65ae--oo9ivz65mxt8","d3ntgu65ae--oo9ivz65mxt8","Balogna (Corse-du-Sud)","Balogna","arrondissement : 2A1 | canton : Les Deux-Sorru","1er janvier 1976 : Balogna est rattaché au département (Anc. 20028).","Corse-du-Sud (Corse, département) [d3ntb7h3jn-16it3tcjqcvnn]","2A028","POINT(1177900 6137200)","http://id.insee.fr/geo/commune/2A028 | http://data.ign.fr/id/geofla/commune/2A028 | http://data.alegoria-project.fr/id/ign/unitesadministratives/commune/2A028","Renno (Corse-du-Sud) [d3ntguw4dw--rfr7k1jwg03v] | Vico (Corse-du-Sud) [d3ntgv6o79--13v37nn375s2k] | Marignana (Corse-du-Sud) [d3ntgumfe8--7lot01fbd2eo]"
"place/FRAN_RI_005-d3ntgu6ifr-1ddi8lucm9y60","d3ntgu6ifr-1ddi8lucm9y60","Bastelica (Corse-du-Sud)","Bastelica","arrondissement : 2A1 | canton : Bastelica","1er janvier 1976 : Bastelica est rattaché au département (Anc. 20031).Bastelicaccia est rattaché au département (Anc. 20032).","Corse-du-Sud (Corse, département) [d3ntb7h3jn-16it3tcjqcvnn]","2A031","POINT(1201800 6119300)","http://id.insee.fr/geo/commune/2A031 | http://data.ign.fr/id/geofla/commune/2A031 | http://data.alegoria-project.fr/id/ign/unitesadministratives/commune/2A031","Ciamannacce (Corse-du-Sud) [d3ntgucmye-mp3e5d2mg3y] | Santa-Maria-Siché (Corse-du-Sud) [d3ntgv35ga-12sxrh5z3ohz7] | Eccica-Suarella (Corse-du-Sud) [d3ntgufwnf-1opocu8p8nb1i] | Ghisoni (Haute-Corse) [d3ntgw7l4j-1728bly0ddh5b] | Palneca (Corse-du-Sud) [d3ntguqvk0--nyi4gqhe5md9] | Quasquara (Corse-du-Sud) [d3ntguv33e--1sn9z0gps44i5] | Frasseto (Corse-du-Sud) [d3ntgui1e1-8up8uikjfb28] | Guitera-les-Bains (Corse-du-Sud) [d3ntgukftu-k3vxadm22y9e] | Tasso (Corse-du-Sud) [d3ntgv3i65--1frk2h3ie95im] | Bocognano (Corse-du-Sud) [d3ntgu7wg4-qv0ex1uhh6ur] | Ucciani (Corse-du-Sud) [d3ntgv581b-1c0knvutoarrw] | Cauro (Corse-du-Sud) [d3ntgucbbc-ts6edlx01165] | Peri (Corse-du-Sud) [d3ntguruwo-yf0xen84o5db] | Tavera (Corse-du-Sud) [d3ntgv4amh--qtpgxvpehv33] | Grosseto-Prugna (Corse-du-Sud) [d3ntgujgoy-u3s6wprt1kjt] | Tolla (Corse-du-Sud) [d3ntgv4omw--1qy0jjromrffe]"
"place/FRAN_RI_005-d3ntgu6uak-7ek8289acys0","d3ntgu6uak-7ek8289acys0","Bastelicaccia (Corse-du-Sud)","Bastelicaccia","arrondissement : 2A1 | canton : Ajaccio 7e Canton","1er janvier 1976 : Bastelicaccia est rattaché au département (Anc. 20032).","Corse-du-Sud (Corse, département) [d3ntb7h3jn-16it3tcjqcvnn]","2A032","POINT(1183700 6109300)","http://id.insee.fr/geo/commune/2A032 | http://data.ign.fr/id/geofla/commune/2A032 | http://data.alegoria-project.fr/id/ign/unitesadministratives/commune/2A032","Eccica-Suarella (Corse-du-Sud) [d3ntgufwnf-1opocu8p8nb1i] | Cauro (Corse-du-Sud) [d3ntgucbbc-ts6edlx01165] | Ocana (Corse-du-Sud) [d3ntguoks4--m5upxiy2bxkt] | Cuttoli-Corticchiato (Corse-du-Sud) [d3ntgufl0d-kyp0kctm7mia] | Grosseto-Prugna (Corse-du-Sud) [d3ntgujgoy-u3s6wprt1kjt] | Ajaccio (Corse-du-Sud) [d3ntgu1ecl--obj9vm5rr46m] | Sarrola-Carcopino (Corse-du-Sud) [d3ntguykc1-e7cxoq9kup1x]"
"place/FRAN_RI_005-d3ntgu75pv--126j72nt5qcy2","d3ntgu75pv--126j72nt5qcy2","Belvédère-Campomoro (Corse-du-Sud)","Belvédère-Campomoro","arrondissement : 2A4 | canton : Sartène","1er janvier 1976 : Belvédère-Campomoro est rattaché au département (Anc. 20035).","Corse-du-Sud (Corse, département) [d3ntb7h3jn-16it3tcjqcvnn]","2A035","POINT(1185300 6076300)","http://id.insee.fr/geo/commune/2A035 | http://data.ign.fr/id/geofla/commune/2A035 | http://data.alegoria-project.fr/id/ign/unitesadministratives/commune/2A035","Sartène (Corse-du-Sud) [d3ntguyx9n--16956q41dssko] | Propriano (Corse-du-Sud) [d3ntguurgc--iykdtm82wlgz] | Grossa (Corse-du-Sud) [d3ntguj3rc--1h0rinqcg1hw9]"
"place/FRAN_RI_005-d3ntgu7hko--29usc7bon1lt","d3ntgu7hko--29usc7bon1lt","Bilia (Corse-du-Sud)","Bilia","arrondissement : 2A4 | canton : Sartène","1er janvier 1976 : Bilia est rattaché au département (Anc. 20038).","Corse-du-Sud (Corse, département) [d3ntb7h3jn-16it3tcjqcvnn]","2A038","POINT(1193100 6076600)","http://id.insee.fr/geo/commune/2A038 | http://data.ign.fr/id/geofla/commune/2A038 | http://data.alegoria-project.fr/id/ign/unitesadministratives/commune/2A038","Sartène (Corse-du-Sud) [d3ntguyx9n--16956q41dssko] | Propriano (Corse-du-Sud) [d3ntguurgc--iykdtm82wlgz] | Grossa (Corse-du-Sud) [d3ntguj3rc--1h0rinqcg1hw9]"
"place/FRAN_RI_005-d3ntgu7wg4-qv0ex1uhh6ur","d3ntgu7wg4-qv0ex1uhh6ur","Bocognano (Corse-du-Sud)","Bocognano","arrondissement : 2A1 | canton : Celavo-Mezzana","1er janvier 1976 : Bocognano est rattaché au département (Anc. 20040).","Corse-du-Sud (Corse, département) [d3ntb7h3jn-16it3tcjqcvnn]","2A040","POINT(1201600 6128200)","http://id.insee.fr/geo/commune/2A040 | http://data.ign.fr/id/geofla/commune/2A040 | http://data.alegoria-project.fr/id/ign/unitesadministratives/commune/2A040","Vivario (Haute-Corse) [d3ntgxznm2--16a2etpn7cmia] | Ghisoni (Haute-Corse) [d3ntgw7l4j-1728bly0ddh5b] | Tavera (Corse-du-Sud) [d3ntgv4amh--qtpgxvpehv33] | Pastricciola (Corse-du-Sud) [d3ntgurj9m--bu2stmpcwefu] | Bastelica (Corse-du-Sud) [d3ntgu6ifr-1ddi8lucm9y60]"
"place/FRAN_RI_005-d3ntgu895y--u40tikzro3u4","d3ntgu895y--u40tikzro3u4","Bonifacio (Corse-du-Sud)","Bonifacio","arrondissement : 2A4 | canton : Bonifacio","1er janvier 1976 : Bonifacio est rattaché au département (Anc. 20041).","Corse-du-Sud (Corse, département) [d3ntb7h3jn-16it3tcjqcvnn]","2A041","POINT(1216200 6051900)","http://id.insee.fr/geo/commune/2A041 | http://data.ign.fr/id/geofla/commune/2A041 | http://data.alegoria-project.fr/id/ign/unitesadministratives/commune/2A041","Sotta (Corse-du-Sud) [d3ntgv1dv2--lj65r6xm7c0o] | Figari (Corse-du-Sud) [d3ntgugogh-ncgmcnf5vdct] | Porto-Vecchio (Corse-du-Sud) [d3ntguuf60--1f5wuc8p2qq7k]"
"place/FRAN_RI_005-d3ntgu8l8j--1tsj1yy6w1mzk","d3ntgu8l8j--1tsj1yy6w1mzk","Calcatoggio (Corse-du-Sud)","Calcatoggio","arrondissement : 2A1 | canton : Cruzini-Cinarca","1er janvier 1976 : Calcatoggio est rattaché au département (Anc. 20048).","Corse-du-Sud (Corse, département) [d3ntb7h3jn-16it3tcjqcvnn]","2A048","POINT(1178100 6120500)","http://id.insee.fr/geo/commune/2A048 | http://data.ign.fr/id/geofla/commune/2A048 | http://data.alegoria-project.fr/id/ign/unitesadministratives/commune/2A048","Valle-di-Mezzana (Corse-du-Sud) [d3ntgv5yrk--gol2vgq0vso6] | Sant'Andréa-d'Orcino (Corse-du-Sud) [d3ntgv1ppv-1tweicluidwzc] | Appietto (Corse-du-Sud) [d3ntgu30zd--18gkkw976ri8o]"
"place/FRAN_RI_005-d3ntgu8x3c-blx2k0s2jvxr","d3ntgu8x3c-blx2k0s2jvxr","Campo (Corse-du-Sud)","Campo","arrondissement : 2A1 | canton : Santa-Maria-Siché","1er janvier 1976 : Belvédère-Campomoro est rattaché au département (Anc. 20035).Campo est rattaché au département (Anc. 20056).Valle-di-Campoloro est rattaché au département (Anc. 20335).","Corse-du-Sud (Corse, département) [d3ntb7h3jn-16it3tcjqcvnn]","2A056","POINT(1198900 6106800)","http://id.insee.fr/geo/commune/2A056 | http://data.ign.fr/id/geofla/commune/2A056 | http://data.alegoria-project.fr/id/ign/unitesadministratives/commune/2A056","Santa-Maria-Siché (Corse-du-Sud) [d3ntgv35ga-12sxrh5z3ohz7] | Quasquara (Corse-du-Sud) [d3ntguv33e--1sn9z0gps44i5] | Frasseto (Corse-du-Sud) [d3ntgui1e1-8up8uikjfb28]"
"place/FRAN_RI_005-d3ntgu99do-1ndhtdovpvht1","d3ntgu99do-1ndhtdovpvht1","Cannelle (Corse-du-Sud)","Cannelle","arrondissement : 2A1 | canton : Cruzini-Cinarca","1er janvier 1976 : Cannelle est rattaché au département (Anc. 20060).","Corse-du-Sud (Corse, département) [d3ntb7h3jn-16it3tcjqcvnn]","2A060","POINT(1182300 6123200)","http://id.insee.fr/geo/commune/2A060 | http://data.ign.fr/id/geofla/commune/2A060 | http://data.alegoria-project.fr/id/ign/unitesadministratives/commune/2A060","Valle-di-Mezzana (Corse-du-Sud) [d3ntgv5yrk--gol2vgq0vso6] | Sari-d'Orcino (Corse-du-Sud) [d3ntguy512--1ne3jljrcd1a3] | Casaglione (Corse-du-Sud) [d3ntgubjia-17m8e3m4oiti6] | Sant'Andréa-d'Orcino (Corse-du-Sud) [d3ntgv1ppv-1tweicluidwzc] | Sarrola-Carcopino (Corse-du-Sud) [d3ntguykc1-e7cxoq9kup1x]"
"place/FRAN_RI_005-d3ntgu9lo0--1ip40dvqmp12q","d3ntgu9lo0--1ip40dvqmp12q","Carbini (Corse-du-Sud)","Carbini","arrondissement : 2A4 | canton : Levie","1er janvier 1976 : Carbini est rattaché au département (Anc. 20061).San-Gavino-di-Carbini est rattaché au département (Anc. 20300).","Corse-du-Sud (Corse, département) [d3ntb7h3jn-16it3tcjqcvnn]","2A061","POINT(1212500 6084100)","http://id.insee.fr/geo/commune/2A061 | http://data.ign.fr/id/geofla/commune/2A061 | http://data.alegoria-project.fr/id/ign/unitesadministratives/commune/2A061","Levie (Corse-du-Sud) [d3ntgulfea--1d47vnxcs3o06] | Porto-Vecchio (Corse-du-Sud) [d3ntguuf60--1f5wuc8p2qq7k] | San-Gavino-di-Carbini (Corse-du-Sud) [d3ntgv21ko--11whmgl5qzhxb]"
"place/FRAN_RI_005-d3ntgu9xyb-vejxieq4fxw9","d3ntgu9xyb-vejxieq4fxw9","Carbuccia (Corse-du-Sud)","Carbuccia","arrondissement : 2A1 | canton : Celavo-Mezzana","1er janvier 1976 : Carbuccia est rattaché au département (Anc. 20062).","Corse-du-Sud (Corse, département) [d3ntb7h3jn-16it3tcjqcvnn]","2A062","POINT(1193400 6123000)","http://id.insee.fr/geo/commune/2A062 | http://data.ign.fr/id/geofla/commune/2A062 | http://data.alegoria-project.fr/id/ign/unitesadministratives/commune/2A062","Tavaco (Corse-du-Sud) [d3ntgv3v3r--3scss7nts5se] | Ucciani (Corse-du-Sud) [d3ntgv581b-1c0knvutoarrw] | Peri (Corse-du-Sud) [d3ntguruwo-yf0xen84o5db] | Vero (Corse-du-Sud) [d3ntgv6bhf-1eec9o5f7yimf]"
"place/FRAN_RI_005-d3ntguajic--1f0cv8hbbusd8","d3ntguajic--1f0cv8hbbusd8","Cardo-Torgia (Corse-du-Sud)","Cardo-Torgia","arrondissement : 2A1 | canton : Santa-Maria-Siché","1er janvier 1976 : Cardo-Torgia est rattaché au département (Anc. 20064).","Corse-du-Sud (Corse, département) [d3ntb7h3jn-16it3tcjqcvnn]","2A064","POINT(1197000 6104100)","http://id.insee.fr/geo/commune/2A064 | http://data.ign.fr/id/geofla/commune/2A064 | http://data.alegoria-project.fr/id/ign/unitesadministratives/commune/2A064","Urbalacone (Corse-du-Sud) [d3ntgv5m9h-175hy2znf6cqq] | Albitreccia (Corse-du-Sud) [d3ntgu21ug-1nj1o9ynk66sx] | Santa-Maria-Siché (Corse-du-Sud) [d3ntgv35ga-12sxrh5z3ohz7] | Zigliara (Corse-du-Sud) [d3ntgv92fb-1o0bfzkhjsfdg] | Grosseto-Prugna (Corse-du-Sud) [d3ntgujgoy-u3s6wprt1kjt]"
"place/FRAN_RI_005-d3ntguaw86-w6g744co1c6d","d3ntguaw86-w6g744co1c6d","Cargèse (Corse-du-Sud)","Cargèse","arrondissement : 2A1 | canton : Les Deux-Sevi","1er janvier 1976 : Cargèse est rattaché au département (Anc. 20065).","Corse-du-Sud (Corse, département) [d3ntb7h3jn-16it3tcjqcvnn]","2A065","POINT(1163000 6131300)","http://id.insee.fr/geo/commune/2A065 | http://data.ign.fr/id/geofla/commune/2A065 | http://data.alegoria-project.fr/id/ign/unitesadministratives/commune/2A065","Vico (Corse-du-Sud) [d3ntgv6o79--13v37nn375s2k] | Marignana (Corse-du-Sud) [d3ntgumfe8--7lot01fbd2eo] | Piana (Corse-du-Sud) [d3ntgusiu1-7nxbxmoh3ls7]"
"place/FRAN_RI_005-d3ntgub830-njo4a4lpskf","d3ntgub830-njo4a4lpskf","Cargiaca (Corse-du-Sud)","Cargiaca","arrondissement : 2A4 | canton : Tallano-Scopamène","1er janvier 1976 : Cargiaca est rattaché au département (Anc. 20066).","Corse-du-Sud (Corse, département) [d3ntb7h3jn-16it3tcjqcvnn]","2A066","POINT(1204000 6089400)","http://id.insee.fr/geo/commune/2A066 | http://data.ign.fr/id/geofla/commune/2A066 | http://data.alegoria-project.fr/id/ign/unitesadministratives/commune/2A066","Santa-Maria-Figaniella (Corse-du-Sud) [d3ntgv2sio--1n0ee2b985ddf] | Zoza (Corse-du-Sud) [d3ntgva0p6-yahs0qv33ljn] | Zérubia (Corse-du-Sud) [d3ntgv7uo0--mgkzlcke3ym3] | Sainte-Lucie-de-Tallano (Corse-du-Sud) [d3ntgv2dn8-1dfgvl974hjrk] | Loreto-di-Tallano (Corse-du-Sud) [d3ntgum3jf--17lzdsed0gj2x]"
"place/FRAN_RI_005-d3ntgubjia-17m8e3m4oiti6","d3ntgubjia-17m8e3m4oiti6","Casaglione (Corse-du-Sud)","Casaglione","arrondissement : 2A1 | canton : Cruzini-Cinarca","1er janvier 1976 : Casaglione est rattaché au département (Anc. 20070).","Corse-du-Sud (Corse, département) [d3ntb7h3jn-16it3tcjqcvnn]","2A070","POINT(1179500 6125000)","http://id.insee.fr/geo/commune/2A070 | http://data.ign.fr/id/geofla/commune/2A070 | http://data.alegoria-project.fr/id/ign/unitesadministratives/commune/2A070","Coggia (Corse-du-Sud) [d3ntgud1eb--1xxcqffppvuw2] | Ambiegna (Corse-du-Sud) [d3ntgu2p4k-1ndod6qokx1vj] | Cannelle (Corse-du-Sud) [d3ntgu99do-1ndhtdovpvht1] | Sari-d'Orcino (Corse-du-Sud) [d3ntguy512--1ne3jljrcd1a3] | Sant'Andréa-d'Orcino (Corse-du-Sud) [d3ntgv1ppv-1tweicluidwzc]"
"place/FRAN_RI_005-d3ntguby5z--18ay6dyi92y1j","d3ntguby5z--18ay6dyi92y1j","Casalabriva (Corse-du-Sud)","Casalabriva","arrondissement : 2A4 | canton : Petreto-Bicchisano","1er janvier 1976 : Casalabriva est rattaché au département (Anc. 20071).","Corse-du-Sud (Corse, département) [d3ntb7h3jn-16it3tcjqcvnn]","2A071","POINT(1194500 6091000)","http://id.insee.fr/geo/commune/2A071 | http://data.ign.fr/id/geofla/commune/2A071 | http://data.alegoria-project.fr/id/ign/unitesadministratives/commune/2A071","Petreto-Bicchisano (Corse-du-Sud) [d3ntgus770--ppwlpkh0ii0p] | Pila-Canale (Corse-du-Sud) [d3ntguts3o--btpwq3liutwm] | Olmeto (Corse-du-Sud) [d3ntgup8ph-2ibrwybqpd4x] | Sollacaro (Corse-du-Sud) [d3ntgv0ppx--hchfhcdd2a3q]"
"place/FRAN_RI_005-d3ntgucbbc-ts6edlx01165","d3ntgucbbc-ts6edlx01165","Cauro (Corse-du-Sud)","Cauro","arrondissement : 2A1 | canton : Bastelica","1er janvier 1976 : Cauro est rattaché au département (Anc. 20085).","Corse-du-Sud (Corse, département) [d3ntb7h3jn-16it3tcjqcvnn]","2A085","POINT(1191200 6109000)","http://id.insee.fr/geo/commune/2A085 | http://data.ign.fr/id/geofla/commune/2A085 | http://data.alegoria-project.fr/id/ign/unitesadministratives/commune/2A085","Eccica-Suarella (Corse-du-Sud) [d3ntgufwnf-1opocu8p8nb1i] | Bastelicaccia (Corse-du-Sud) [d3ntgu6uak-7ek8289acys0] | Grosseto-Prugna (Corse-du-Sud) [d3ntgujgoy-u3s6wprt1kjt] | Bastelica (Corse-du-Sud) [d3ntgu6ifr-1ddi8lucm9y60]"
"place/FRAN_RI_005-d3ntgucmye-mp3e5d2mg3y","d3ntgucmye-mp3e5d2mg3y","Ciamannacce (Corse-du-Sud)","Ciamannacce","arrondissement : 2A1 | canton : Zicavo","1er janvier 1976 : Ciamannacce est rattaché au département (Anc. 20089).","Corse-du-Sud (Corse, département) [d3ntb7h3jn-16it3tcjqcvnn]","2A089","POINT(1210200 6114400)","http://id.insee.fr/geo/commune/2A089 | http://data.ign.fr/id/geofla/commune/2A089 | http://data.alegoria-project.fr/id/ign/unitesadministratives/commune/2A089","Cozzano (Corse-du-Sud) [d3ntguetf3--1kaci7ker5at3] | Palneca (Corse-du-Sud) [d3ntguqvk0--nyi4gqhe5md9] | Zicavo (Corse-du-Sud) [d3ntgv8jgf-17ynsaypyo9ij] | Tasso (Corse-du-Sud) [d3ntgv3i65--1frk2h3ie95im] | Sampolo (Corse-du-Sud) [d3ntguxhbg--19e7awj7chtx8] | Bastelica (Corse-du-Sud) [d3ntgu6ifr-1ddi8lucm9y60]"
"place/FRAN_RI_005-d3ntgud1eb--1xxcqffppvuw2","d3ntgud1eb--1xxcqffppvuw2","Coggia (Corse-du-Sud)","Coggia","arrondissement : 2A1 | canton : Les Deux-Sorru","1er janvier 1976 : Coggia est rattaché au département (Anc. 20090).","Corse-du-Sud (Corse, département) [d3ntb7h3jn-16it3tcjqcvnn]","2A090","POINT(1175800 6130900)","http://id.insee.fr/geo/commune/2A090 | http://data.ign.fr/id/geofla/commune/2A090 | http://data.alegoria-project.fr/id/ign/unitesadministratives/commune/2A090","Arbori (Corse-du-Sud) [d3ntgu3oh7--z7nbj3bfk1i6] | Ambiegna (Corse-du-Sud) [d3ntgu2p4k-1ndod6qokx1vj] | Casaglione (Corse-du-Sud) [d3ntgubjia-17m8e3m4oiti6] | Vico (Corse-du-Sud) [d3ntgv6o79--13v37nn375s2k]"
"place/FRAN_RI_005-d3ntgudebx--tm8z2cvminwk","d3ntgudebx--tm8z2cvminwk","Cognocoli-Monticchi (Corse-du-Sud)","Cognocoli-Monticchi","arrondissement : 2A1 | canton : Santa-Maria-Siché","1er janvier 1976 : Cognocoli-Monticchi est rattaché au département (Anc. 20091).","Corse-du-Sud (Corse, département) [d3ntb7h3jn-16it3tcjqcvnn]","2A091","POINT(1191200 6099200)","http://id.insee.fr/geo/commune/2A091 | http://data.ign.fr/id/geofla/commune/2A091 | http://data.alegoria-project.fr/id/ign/unitesadministratives/commune/2A091","Guargualé (Corse-du-Sud) [d3ntguk4ek-dp3wxio5y9fm] | Albitreccia (Corse-du-Sud) [d3ntgu21ug-1nj1o9ynk66sx] | Pila-Canale (Corse-du-Sud) [d3ntguts3o--btpwq3liutwm] | Pietrosella (Corse-du-Sud) [d3ntgute39-1j39yzqvur3x5] | Coti-Chiavari (Corse-du-Sud) [d3ntguehk9--1k2xoswjerylu] | Serra-di-Ferro (Corse-du-Sud) [d3ntguz9zh-yb0s3sh9cchw] | Sollacaro (Corse-du-Sud) [d3ntgv0ppx--hchfhcdd2a3q]"
"place/FRAN_RI_005-d3ntgudq6q-30gp6fyma6yi","d3ntgudq6q-30gp6fyma6yi","Conca (Corse-du-Sud)","Conca","arrondissement : 2A4 | canton : Porto-Vecchio","1er janvier 1976 : Conca est rattaché au département (Anc. 20092).","Corse-du-Sud (Corse, département) [d3ntb7h3jn-16it3tcjqcvnn]","2A092","POINT(1227600 6091600)","http://id.insee.fr/geo/commune/2A092 | http://data.ign.fr/id/geofla/commune/2A092 | http://data.alegoria-project.fr/id/ign/unitesadministratives/commune/2A092","Quenza (Corse-du-Sud) [d3ntguvj9e-5h9gfutfxtjl] | Sari-Solenzara (Corse-du-Sud) [d3ntguxt69-161dd77lqzd3o] | Zonza (Corse-du-Sud) [d3ntgv9mor--ha9id6d15hur]"
"place/FRAN_RI_005-d3ntgue4uf-3pc94kmeq35i","d3ntgue4uf-3pc94kmeq35i","Corrano (Corse-du-Sud)","Corrano","arrondissement : 2A1 | canton : Zicavo","1er janvier 1976 : Corrano est rattaché au département (Anc. 20094).","Corse-du-Sud (Corse, département) [d3ntb7h3jn-16it3tcjqcvnn]","2A094","POINT(1203900 6107000)","http://id.insee.fr/geo/commune/2A094 | http://data.ign.fr/id/geofla/commune/2A094 | http://data.alegoria-project.fr/id/ign/unitesadministratives/commune/2A094","Zicavo (Corse-du-Sud) [d3ntgv8jgf-17ynsaypyo9ij] | Guitera-les-Bains (Corse-du-Sud) [d3ntgukftu-k3vxadm22y9e] | Olivese (Corse-du-Sud) [d3ntguowf5-1qp2e21ag808a] | Zévaco (Corse-du-Sud) [d3ntgv86yc--tbjg186f2d3q]"
"place/FRAN_RI_005-d3ntguehk9--1k2xoswjerylu","d3ntguehk9--1k2xoswjerylu","Coti-Chiavari (Corse-du-Sud)","Coti-Chiavari","arrondissement : 2A1 | canton : Santa-Maria-Siché","1er janvier 1976 : Coti-Chiavari est rattaché au département (Anc. 20098).","Corse-du-Sud (Corse, département) [d3ntb7h3jn-16it3tcjqcvnn]","2A098","POINT(1180500 6092100)","http://id.insee.fr/geo/commune/2A098 | http://data.ign.fr/id/geofla/commune/2A098 | http://data.alegoria-project.fr/id/ign/unitesadministratives/commune/2A098","Cognocoli-Monticchi (Corse-du-Sud) [d3ntgudebx--tm8z2cvminwk] | Pietrosella (Corse-du-Sud) [d3ntgute39-1j39yzqvur3x5] | Serra-di-Ferro (Corse-du-Sud) [d3ntguz9zh-yb0s3sh9cchw]"
"place/FRAN_RI_005-d3ntguetf3--1kaci7ker5at3","d3ntguetf3--1kaci7ker5at3","Cozzano (Corse-du-Sud)","Cozzano","arrondissement : 2A1 | canton : Zicavo","1er janvier 1976 : Cozzano est rattaché au département (Anc. 20099).","Corse-du-Sud (Corse, département) [d3ntb7h3jn-16it3tcjqcvnn]","2A099","POINT(1211000 6112500)","http://id.insee.fr/geo/commune/2A099 | http://data.ign.fr/id/geofla/commune/2A099 | http://data.alegoria-project.fr/id/ign/unitesadministratives/commune/2A099","Ciamannacce (Corse-du-Sud) [d3ntgucmye-mp3e5d2mg3y] | Palneca (Corse-du-Sud) [d3ntguqvk0--nyi4gqhe5md9] |  [] | Zicavo (Corse-du-Sud) [d3ntgv8jgf-17ynsaypyo9ij] | San-Gavino-di-Fiumorbo (Haute-Corse) [d3ntgy265b-16xou5kygtf0v] | Serra-di-Fiumorbo (Haute-Corse) [d3ntgxbzxq-e8ykt631y3uc]"
"place/FRAN_RI_005-d3ntguf82r--1tjfljne361qz","d3ntguf82r--1tjfljne361qz","Cristinacce (Corse-du-Sud)","Cristinacce","arrondissement : 2A1 | canton : Les Deux-Sevi","1er janvier 1976 : Cristinacce est rattaché au département (Anc. 20100).","Corse-du-Sud (Corse, département) [d3ntb7h3jn-16it3tcjqcvnn]","2A100","POINT(1182400 6144400)","http://id.insee.fr/geo/commune/2A100 | http://data.ign.fr/id/geofla/commune/2A100 | http://data.alegoria-project.fr/id/ign/unitesadministratives/commune/2A100","Albertacce (Haute-Corse) [d3ntgvbnz8--13t5ntlgh47i2] | Renno (Corse-du-Sud) [d3ntguw4dw--rfr7k1jwg03v] | Letia (Corse-du-Sud) [d3ntgul3r8--6n7o6mxlhlbq] | Evisa (Corse-du-Sud) [d3ntgugbiv--1eaugxibowvba] | Marignana (Corse-du-Sud) [d3ntgumfe8--7lot01fbd2eo]"
"place/FRAN_RI_005-d3ntgufl0d-kyp0kctm7mia","d3ntgufl0d-kyp0kctm7mia","Cuttoli-Corticchiato (Corse-du-Sud)","Cuttoli-Corticchiato","arrondissement : 2A1 | canton : Celavo-Mezzana","1er janvier 1976 : Cuttoli-Corticchiato est rattaché au département (Anc. 20103).","Corse-du-Sud (Corse, département) [d3ntb7h3jn-16it3tcjqcvnn]","2A103","POINT(1190000 6117000)","http://id.insee.fr/geo/commune/2A103 | http://data.ign.fr/id/geofla/commune/2A103 | http://data.alegoria-project.fr/id/ign/unitesadministratives/commune/2A103","Bastelicaccia (Corse-du-Sud) [d3ntgu6uak-7ek8289acys0] | Peri (Corse-du-Sud) [d3ntguruwo-yf0xen84o5db] | Ocana (Corse-du-Sud) [d3ntguoks4--m5upxiy2bxkt] | Sarrola-Carcopino (Corse-du-Sud) [d3ntguykc1-e7cxoq9kup1x] | Tolla (Corse-du-Sud) [d3ntgv4omw--1qy0jjromrffe]"
"place/FRAN_RI_005-d3ntgufwnf-1opocu8p8nb1i","d3ntgufwnf-1opocu8p8nb1i","Eccica-Suarella (Corse-du-Sud)","Eccica-Suarella","arrondissement : 2A1 | canton : Bastelica","1er janvier 1976 : Eccica-Suarella est rattaché au département (Anc. 20104).","Corse-du-Sud (Corse, département) [d3ntb7h3jn-16it3tcjqcvnn]","2A104","POINT(1190500 6109700)","http://id.insee.fr/geo/commune/2A104 | http://data.ign.fr/id/geofla/commune/2A104 | http://data.alegoria-project.fr/id/ign/unitesadministratives/commune/2A104","Bastelicaccia (Corse-du-Sud) [d3ntgu6uak-7ek8289acys0] | Cauro (Corse-du-Sud) [d3ntgucbbc-ts6edlx01165] | Ocana (Corse-du-Sud) [d3ntguoks4--m5upxiy2bxkt] | Tolla (Corse-du-Sud) [d3ntgv4omw--1qy0jjromrffe] | Bastelica (Corse-du-Sud) [d3ntgu6ifr-1ddi8lucm9y60]"
"place/FRAN_RI_005-d3ntgugbiv--1eaugxibowvba","d3ntgugbiv--1eaugxibowvba","Evisa (Corse-du-Sud)","Evisa","arrondissement : 2A1 | canton : Les Deux-Sevi","1er janvier 1976 : Évisa est rattaché au département (Anc. 20108).","Corse-du-Sud (Corse, département) [d3ntb7h3jn-16it3tcjqcvnn]","2A108","POINT(1179100 6145700)","http://id.insee.fr/geo/commune/2A108 | http://data.ign.fr/id/geofla/commune/2A108 | http://data.alegoria-project.fr/id/ign/unitesadministratives/commune/2A108","Cristinacce (Corse-du-Sud) [d3ntguf82r--1tjfljne361qz] | Ota (Corse-du-Sud) [d3ntguqjp7-va5pju7mmuxo] | Albertacce (Haute-Corse) [d3ntgvbnz8--13t5ntlgh47i2] | Manso (Haute-Corse) [d3ntgwdozv-1fsd9bj4um8sx] | Serriera (Corse-du-Sud) [d3ntguzxhc--loxsm1hwmfa4] | Marignana (Corse-du-Sud) [d3ntgumfe8--7lot01fbd2eo]"
"place/FRAN_RI_005-d3ntgugogh-ncgmcnf5vdct","d3ntgugogh-ncgmcnf5vdct","Figari (Corse-du-Sud)","Figari","arrondissement : 2A4 | canton : Figari","1er janvier 1976 : Figari est rattaché au département (Anc. 20114).","Corse-du-Sud (Corse, département) [d3ntb7h3jn-16it3tcjqcvnn]","2A114","POINT(1212700 6062800)","http://id.insee.fr/geo/commune/2A114 | http://data.ign.fr/id/geofla/commune/2A114 | http://data.alegoria-project.fr/id/ign/unitesadministratives/commune/2A114","Bonifacio (Corse-du-Sud) [d3ntgu895y--u40tikzro3u4] | Levie (Corse-du-Sud) [d3ntgulfea--1d47vnxcs3o06] | Sotta (Corse-du-Sud) [d3ntgv1dv2--lj65r6xm7c0o] | Pianottoli-Caldarello (Corse-du-Sud) [d3ntgusuh3--1v2x95a442sf5]"
"place/FRAN_RI_005-d3ntguh03j--503c7flw5v3z","d3ntguh03j--503c7flw5v3z","Foce (Corse-du-Sud)","Foce","arrondissement : 2A4 | canton : Sartène","1er janvier 1976 : Foce est rattaché au département (Anc. 20115).","Corse-du-Sud (Corse, département) [d3ntb7h3jn-16it3tcjqcvnn]","2A115","POINT(1206000 6078200)","http://id.insee.fr/geo/commune/2A115 | http://data.ign.fr/id/geofla/commune/2A115 | http://data.alegoria-project.fr/id/ign/unitesadministratives/commune/2A115","Granace (Corse-du-Sud) [d3ntguiovw--agtwodbuwuhc] | Levie (Corse-du-Sud) [d3ntgulfea--1d47vnxcs3o06] | Sartène (Corse-du-Sud) [d3ntguyx9n--16956q41dssko] | Sainte-Lucie-de-Tallano (Corse-du-Sud) [d3ntgv2dn8-1dfgvl974hjrk]"
"place/FRAN_RI_005-d3ntguhc63--1vnvceunzpo28","d3ntguhc63--1vnvceunzpo28","Forciolo (Corse-du-Sud)","Forciolo","arrondissement : 2A1 | canton : Santa-Maria-Siché","1er janvier 1976 : Forciolo est rattaché au département (Anc. 20117).","Corse-du-Sud (Corse, département) [d3ntb7h3jn-16it3tcjqcvnn]","2A117","POINT(1199600 6102700)","http://id.insee.fr/geo/commune/2A117 | http://data.ign.fr/id/geofla/commune/2A117 | http://data.alegoria-project.fr/id/ign/unitesadministratives/commune/2A117","Zigliara (Corse-du-Sud) [d3ntgv92fb-1o0bfzkhjsfdg] | Azilone-Ampaza (Corse-du-Sud) [d3ntgu5ek5-177r527beixef] | Argiusta-Moriccio (Corse-du-Sud) [d3ntgu49th--1w96p3eqbs3az] | Olivese (Corse-du-Sud) [d3ntguowf5-1qp2e21ag808a] | Zévaco (Corse-du-Sud) [d3ntgv86yc--tbjg186f2d3q]"
"place/FRAN_RI_005-d3ntguhpj8--10on193y6j31j","d3ntguhpj8--10on193y6j31j","Fozzano (Corse-du-Sud)","Fozzano","arrondissement : 2A4 | canton : Olmeto","1er janvier 1976 : Fozzano est rattaché au département (Anc. 20118).","Corse-du-Sud (Corse, département) [d3ntb7h3jn-16it3tcjqcvnn]","2A118","POINT(1200200 6085300)","http://id.insee.fr/geo/commune/2A118 | http://data.ign.fr/id/geofla/commune/2A118 | http://data.alegoria-project.fr/id/ign/unitesadministratives/commune/2A118","Santa-Maria-Figaniella (Corse-du-Sud) [d3ntgv2sio--1n0ee2b985ddf] | Viggianello (Corse-du-Sud) [d3ntgv74l1-1r9wi1jesgoue] | Petreto-Bicchisano (Corse-du-Sud) [d3ntgus770--ppwlpkh0ii0p] | Olmeto (Corse-du-Sud) [d3ntgup8ph-2ibrwybqpd4x] | Arbellara (Corse-du-Sud) [d3ntgu3d9o--df8rwiov05q] | Loreto-di-Tallano (Corse-du-Sud) [d3ntgum3jf--17lzdsed0gj2x] | Moca-Croce (Corse-du-Sud) [d3ntgunb2y-1b98a05gaersq]"
"place/FRAN_RI_005-d3ntgui1e1-8up8uikjfb28","d3ntgui1e1-8up8uikjfb28","Frasseto (Corse-du-Sud)","Frasseto","arrondissement : 2A1 | canton : Santa-Maria-Siché","1er janvier 1976 : Frasseto est rattaché au département (Anc. 20119).","Corse-du-Sud (Corse, département) [d3ntb7h3jn-16it3tcjqcvnn]","2A119","POINT(1200300 6107400)","http://id.insee.fr/geo/commune/2A119 | http://data.ign.fr/id/geofla/commune/2A119 | http://data.alegoria-project.fr/id/ign/unitesadministratives/commune/2A119","Santa-Maria-Siché (Corse-du-Sud) [d3ntgv35ga-12sxrh5z3ohz7] | Campo (Corse-du-Sud) [d3ntgu8x3c-blx2k0s2jvxr] | Quasquara (Corse-du-Sud) [d3ntguv33e--1sn9z0gps44i5] | Guitera-les-Bains (Corse-du-Sud) [d3ntgukftu-k3vxadm22y9e] | Azilone-Ampaza (Corse-du-Sud) [d3ntgu5ek5-177r527beixef] | Zévaco (Corse-du-Sud) [d3ntgv86yc--tbjg186f2d3q] | Bastelica (Corse-du-Sud) [d3ntgu6ifr-1ddi8lucm9y60]"
"place/FRAN_RI_005-d3ntguid13--1ah4hgq9k0b5l","d3ntguid13--1ah4hgq9k0b5l","Giuncheto (Corse-du-Sud)","Giuncheto","arrondissement : 2A4 | canton : Sartène","1er janvier 1976 : Giuncheto est rattaché au département (Anc. 20127).","Corse-du-Sud (Corse, département) [d3ntb7h3jn-16it3tcjqcvnn]","2A127","POINT(1197300 6072600)","http://id.insee.fr/geo/commune/2A127 | http://data.ign.fr/id/geofla/commune/2A127 | http://data.alegoria-project.fr/id/ign/unitesadministratives/commune/2A127","Sartène (Corse-du-Sud) [d3ntguyx9n--16956q41dssko]"
"place/FRAN_RI_005-d3ntguiovw--agtwodbuwuhc","d3ntguiovw--agtwodbuwuhc","Granace (Corse-du-Sud)","Granace","arrondissement : 2A4 | canton : Sartène","1er janvier 1976 : Granace est rattaché au département (Anc. 20128).","Corse-du-Sud (Corse, département) [d3ntb7h3jn-16it3tcjqcvnn]","2A128","POINT(1201700 6079200)","http://id.insee.fr/geo/commune/2A128 | http://data.ign.fr/id/geofla/commune/2A128 | http://data.alegoria-project.fr/id/ign/unitesadministratives/commune/2A128","Olmiccia (Corse-du-Sud) [d3ntgupkcj-1cssbez5ph06j] | Foce (Corse-du-Sud) [d3ntguh03j--503c7flw5v3z] | Sartène (Corse-du-Sud) [d3ntguyx9n--16956q41dssko] | Sainte-Lucie-de-Tallano (Corse-du-Sud) [d3ntgv2dn8-1dfgvl974hjrk]"
"place/FRAN_RI_005-d3ntguj3rc--1h0rinqcg1hw9","d3ntguj3rc--1h0rinqcg1hw9","Grossa (Corse-du-Sud)","Grossa","arrondissement : 2A4 | canton : Sartène","1er janvier 1976 : Grossa est rattaché au département (Anc. 20129).","Corse-du-Sud (Corse, département) [d3ntb7h3jn-16it3tcjqcvnn]","2A129","POINT(1190700 6074700)","http://id.insee.fr/geo/commune/2A129 | http://data.ign.fr/id/geofla/commune/2A129 | http://data.alegoria-project.fr/id/ign/unitesadministratives/commune/2A129","Bilia (Corse-du-Sud) [d3ntgu7hko--29usc7bon1lt] | Belvédère-Campomoro (Corse-du-Sud) [d3ntgu75pv--126j72nt5qcy2] | Sartène (Corse-du-Sud) [d3ntguyx9n--16956q41dssko] | Propriano (Corse-du-Sud) [d3ntguurgc--iykdtm82wlgz]"
"place/FRAN_RI_005-d3ntgujgoy-u3s6wprt1kjt","d3ntgujgoy-u3s6wprt1kjt","Grosseto-Prugna (Corse-du-Sud)","Grosseto-Prugna","arrondissement : 2A1 | canton : Santa-Maria-Siché","1er janvier 1976 : Grosseto-Prugna est rattaché au département (Anc. 20130).","Corse-du-Sud (Corse, département) [d3ntb7h3jn-16it3tcjqcvnn]","2A130","POINT(1195700 6104300)","http://id.insee.fr/geo/commune/2A130 | http://data.ign.fr/id/geofla/commune/2A130 | http://data.alegoria-project.fr/id/ign/unitesadministratives/commune/2A130","Albitreccia (Corse-du-Sud) [d3ntgu21ug-1nj1o9ynk66sx] | Santa-Maria-Siché (Corse-du-Sud) [d3ntgv35ga-12sxrh5z3ohz7] | Cardo-Torgia (Corse-du-Sud) [d3ntguajic--1f0cv8hbbusd8] | Bastelicaccia (Corse-du-Sud) [d3ntgu6uak-7ek8289acys0] | Cauro (Corse-du-Sud) [d3ntgucbbc-ts6edlx01165] | Ajaccio (Corse-du-Sud) [d3ntgu1ecl--obj9vm5rr46m] | Bastelica (Corse-du-Sud) [d3ntgu6ifr-1ddi8lucm9y60]"
"place/FRAN_RI_005-d3ntgujsjr-1u42rp2pi5182","d3ntgujsjr-1u42rp2pi5182","Guagno (Corse-du-Sud)","Guagno","arrondissement : 2A1 | canton : Les Deux-Sorru","1er janvier 1976 : Guagno est rattaché au département (Anc. 20131).","Corse-du-Sud (Corse, département) [d3ntb7h3jn-16it3tcjqcvnn]","2A131","POINT(1191900 6137200)","http://id.insee.fr/geo/commune/2A131 | http://data.ign.fr/id/geofla/commune/2A131 | http://data.alegoria-project.fr/id/ign/unitesadministratives/commune/2A131","Venaco (Haute-Corse) [d3ntgxwl8v-21muilvlkdax] | Corte (Haute-Corse) [d3ntgw0xus-1gytt3qgcsq95] | Vivario (Haute-Corse) [d3ntgxznm2--16a2etpn7cmia] | Rezza (Corse-du-Sud) [d3ntguwhj9-1juo0ukidodpz] | Azzana (Corse-du-Sud) [d3ntgu5qmp-1x6gwii4s9nkw] | Poggiolo (Corse-du-Sud) [d3ntguu3iy-4zai5k00b71o] | Pastricciola (Corse-du-Sud) [d3ntgurj9m--bu2stmpcwefu] | Orto (Corse-du-Sud) [d3ntgupw7c-1c3anqn45qrdw]"
"place/FRAN_RI_005-d3ntguk4ek-dp3wxio5y9fm","d3ntguk4ek-dp3wxio5y9fm","Guargualé (Corse-du-Sud)","Guargualé","arrondissement : 2A1 | canton : Santa-Maria-Siché","1er janvier 1976 : Guargualé est rattaché au département (Anc. 20132).","Corse-du-Sud (Corse, département) [d3ntb7h3jn-16it3tcjqcvnn]","2A132","POINT(1192900 6100200)","http://id.insee.fr/geo/commune/2A132 | http://data.ign.fr/id/geofla/commune/2A132 | http://data.alegoria-project.fr/id/ign/unitesadministratives/commune/2A132","Urbalacone (Corse-du-Sud) [d3ntgv5m9h-175hy2znf6cqq] | Albitreccia (Corse-du-Sud) [d3ntgu21ug-1nj1o9ynk66sx] | Petreto-Bicchisano (Corse-du-Sud) [d3ntgus770--ppwlpkh0ii0p] | Pila-Canale (Corse-du-Sud) [d3ntguts3o--btpwq3liutwm] | Cognocoli-Monticchi (Corse-du-Sud) [d3ntgudebx--tm8z2cvminwk]"
"place/FRAN_RI_005-d3ntgukftu-k3vxadm22y9e","d3ntgukftu-k3vxadm22y9e","Guitera-les-Bains (Corse-du-Sud)","Guitera-les-Bains","arrondissement : 2A1 | canton : Zicavo","1er janvier 1976 : Guitera-les-Bains est rattaché au département (Anc. 20133).","Corse-du-Sud (Corse, département) [d3ntb7h3jn-16it3tcjqcvnn]","2A133","POINT(1205500 6109800)","http://id.insee.fr/geo/commune/2A133 | http://data.ign.fr/id/geofla/commune/2A133 | http://data.alegoria-project.fr/id/ign/unitesadministratives/commune/2A133","Corrano (Corse-du-Sud) [d3ntgue4uf-3pc94kmeq35i] | Zicavo (Corse-du-Sud) [d3ntgv8jgf-17ynsaypyo9ij] | Frasseto (Corse-du-Sud) [d3ntgui1e1-8up8uikjfb28] | Tasso (Corse-du-Sud) [d3ntgv3i65--1frk2h3ie95im] | Zévaco (Corse-du-Sud) [d3ntgv86yc--tbjg186f2d3q] | Bastelica (Corse-du-Sud) [d3ntgu6ifr-1ddi8lucm9y60]"
"place/FRAN_RI_005-d3ntguks46--13q73o2rdz75i","d3ntguks46--13q73o2rdz75i","Lecci (Corse-du-Sud)","Lecci","arrondissement : 2A4 | canton : Porto-Vecchio","1er janvier 1976 : Lecci est rattaché au département (Anc. 20139).","Corse-du-Sud (Corse, département) [d3ntb7h3jn-16it3tcjqcvnn]","2A139","POINT(1226700 6085300)","http://id.insee.fr/geo/commune/2A139 | http://data.ign.fr/id/geofla/commune/2A139 | http://data.alegoria-project.fr/id/ign/unitesadministratives/commune/2A139","Porto-Vecchio (Corse-du-Sud) [d3ntguuf60--1f5wuc8p2qq7k] | Zonza (Corse-du-Sud) [d3ntgv9mor--ha9id6d15hur] | San-Gavino-di-Carbini (Corse-du-Sud) [d3ntgv21ko--11whmgl5qzhxb]"
"place/FRAN_RI_005-d3ntgul3r8--6n7o6mxlhlbq","d3ntgul3r8--6n7o6mxlhlbq","Letia (Corse-du-Sud)","Letia","arrondissement : 2A1 | canton : Les Deux-Sorru","1er janvier 1976 : Letia est rattaché au département (Anc. 20141).","Corse-du-Sud (Corse, département) [d3ntb7h3jn-16it3tcjqcvnn]","2A141","POINT(1183700 6138900)","http://id.insee.fr/geo/commune/2A141 | http://data.ign.fr/id/geofla/commune/2A141 | http://data.alegoria-project.fr/id/ign/unitesadministratives/commune/2A141","Cristinacce (Corse-du-Sud) [d3ntguf82r--1tjfljne361qz] | Corte (Haute-Corse) [d3ntgw0xus-1gytt3qgcsq95] | Albertacce (Haute-Corse) [d3ntgvbnz8--13t5ntlgh47i2] | Murzo (Corse-du-Sud) [d3ntguo8pj-1drppzlykphok] | Renno (Corse-du-Sud) [d3ntguw4dw--rfr7k1jwg03v] | Poggiolo (Corse-du-Sud) [d3ntguu3iy-4zai5k00b71o] | Vico (Corse-du-Sud) [d3ntgv6o79--13v37nn375s2k] | Casamaccioli (Haute-Corse) [d3ntgvut4e-1jeht2klwrk2z] | Soccia (Corse-du-Sud) [d3ntgv0ckk-1a8acykyz8172]"
"place/FRAN_RI_005-d3ntgulfea--1d47vnxcs3o06","d3ntgulfea--1d47vnxcs3o06","Levie (Corse-du-Sud)","Levie","arrondissement : 2A4 | canton : Levie","1er janvier 1976 : Levie est rattaché au département (Anc. 20142).","Corse-du-Sud (Corse, département) [d3ntb7h3jn-16it3tcjqcvnn]","2A142","POINT(1210300 6086700)","http://id.insee.fr/geo/commune/2A142 | http://data.ign.fr/id/geofla/commune/2A142 | http://data.alegoria-project.fr/id/ign/unitesadministratives/commune/2A142","Serra-di-Scopamène (Corse-du-Sud) [d3ntguzlua--iwvf333x3pwu] | Mela (Corse-du-Sud) [d3ntgumxxl-5inpdn8d58lr] | Quenza (Corse-du-Sud) [d3ntguvj9e-5h9gfutfxtjl] | Foce (Corse-du-Sud) [d3ntguh03j--503c7flw5v3z] | Zoza (Corse-du-Sud) [d3ntgva0p6-yahs0qv33ljn] | Sotta (Corse-du-Sud) [d3ntgv1dv2--lj65r6xm7c0o] | Altagène (Corse-du-Sud) [d3ntgu2dhi-dtvtbvuplncn] | Sartène (Corse-du-Sud) [d3ntguyx9n--16956q41dssko] | Sorbollano (Corse-du-Sud) [d3ntgv1209-r7dxmvltvzd2] | Sainte-Lucie-de-Tallano (Corse-du-Sud) [d3ntgv2dn8-1dfgvl974hjrk] | Figari (Corse-du-Sud) [d3ntgugogh-ncgmcnf5vdct] | Porto-Vecchio (Corse-du-Sud) [d3ntguuf60--1f5wuc8p2qq7k] | Pianottoli-Caldarello (Corse-du-Sud) [d3ntgusuh3--1v2x95a442sf5] | Carbini (Corse-du-Sud) [d3ntgu9lo0--1ip40dvqmp12q] | San-Gavino-di-Carbini (Corse-du-Sud) [d3ntgv21ko--11whmgl5qzhxb]"
"place/FRAN_RI_005-d3ntgulrwd--fas8i09eibvh","d3ntgulrwd--fas8i09eibvh","Lopigna (Corse-du-Sud)","Lopigna","arrondissement : 2A1 | canton : Cruzini-Cinarca","1er janvier 1976 : Lopigna est rattaché au département (Anc. 20144).","Corse-du-Sud (Corse, département) [d3ntb7h3jn-16it3tcjqcvnn]","2A144","POINT(1183700 6129300)","http://id.insee.fr/geo/commune/2A144 | http://data.ign.fr/id/geofla/commune/2A144 | http://data.alegoria-project.fr/id/ign/unitesadministratives/commune/2A144","Arbori (Corse-du-Sud) [d3ntgu3oh7--z7nbj3bfk1i6] | Rosazia (Corse-du-Sud) [d3ntguwtlt-786d9opc2a2h] | Arro (Corse-du-Sud) [d3ntgu4pzh-1ckgfdgdoj6mr] | Sari-d'Orcino (Corse-du-Sud) [d3ntguy512--1ne3jljrcd1a3] | Salice (Corse-du-Sud) [d3ntgux5gn-1muibe2hb7bj0] | Vero (Corse-du-Sud) [d3ntgv6bhf-1eec9o5f7yimf]"
"place/FRAN_RI_005-d3ntgum3jf--17lzdsed0gj2x","d3ntgum3jf--17lzdsed0gj2x","Loreto-di-Tallano (Corse-du-Sud)","Loreto-di-Tallano","arrondissement : 2A4 | canton : Tallano-Scopamène","1er janvier 1976 : Loreto-di-Tallano est rattaché au département (Anc. 20146).","Corse-du-Sud (Corse, département) [d3ntb7h3jn-16it3tcjqcvnn]","2A146","POINT(1203000 6088000)","http://id.insee.fr/geo/commune/2A146 | http://data.ign.fr/id/geofla/commune/2A146 | http://data.alegoria-project.fr/id/ign/unitesadministratives/commune/2A146","Olmiccia (Corse-du-Sud) [d3ntgupkcj-1cssbez5ph06j] | Santa-Maria-Figaniella (Corse-du-Sud) [d3ntgv2sio--1n0ee2b985ddf] | Arbellara (Corse-du-Sud) [d3ntgu3d9o--df8rwiov05q] | Sainte-Lucie-de-Tallano (Corse-du-Sud) [d3ntgv2dn8-1dfgvl974hjrk] | Cargiaca (Corse-du-Sud) [d3ntgub830-njo4a4lpskf] | Fozzano (Corse-du-Sud) [d3ntguhpj8--10on193y6j31j]"
"place/FRAN_RI_005-d3ntgumfe8--7lot01fbd2eo","d3ntgumfe8--7lot01fbd2eo","Marignana (Corse-du-Sud)","Marignana","arrondissement : 2A1 | canton : Les Deux-Sevi","1er janvier 1976 : Marignana est rattaché au département (Anc. 20154).","Corse-du-Sud (Corse, département) [d3ntb7h3jn-16it3tcjqcvnn]","2A154","POINT(1179200 6143500)","http://id.insee.fr/geo/commune/2A154 | http://data.ign.fr/id/geofla/commune/2A154 | http://data.alegoria-project.fr/id/ign/unitesadministratives/commune/2A154","Cristinacce (Corse-du-Sud) [d3ntguf82r--1tjfljne361qz] | Cargèse (Corse-du-Sud) [d3ntguaw86-w6g744co1c6d] | Ota (Corse-du-Sud) [d3ntguqjp7-va5pju7mmuxo] | Renno (Corse-du-Sud) [d3ntguw4dw--rfr7k1jwg03v] | Vico (Corse-du-Sud) [d3ntgv6o79--13v37nn375s2k] | Evisa (Corse-du-Sud) [d3ntgugbiv--1eaugxibowvba] | Balogna (Corse-du-Sud) [d3ntgu65ae--oo9ivz65mxt8] | Piana (Corse-du-Sud) [d3ntgusiu1-7nxbxmoh3ls7]"
"place/FRAN_RI_005-d3ntgumxxl-5inpdn8d58lr","d3ntgumxxl-5inpdn8d58lr","Mela (Corse-du-Sud)","Mela","arrondissement : 2A4 | canton : Tallano-Scopamène","1er janvier 1976 : Mela est rattaché au département (Anc. 20158).","Corse-du-Sud (Corse, département) [d3ntb7h3jn-16it3tcjqcvnn]","2A158","POINT(1208000 6085700)","http://id.insee.fr/geo/commune/2A158 | http://data.ign.fr/id/geofla/commune/2A158 | http://data.alegoria-project.fr/id/ign/unitesadministratives/commune/2A158","Levie (Corse-du-Sud) [d3ntgulfea--1d47vnxcs3o06] | Altagène (Corse-du-Sud) [d3ntgu2dhi-dtvtbvuplncn] | Sainte-Lucie-de-Tallano (Corse-du-Sud) [d3ntgv2dn8-1dfgvl974hjrk]"
"place/FRAN_RI_005-d3ntgunb2y-1b98a05gaersq","d3ntgunb2y-1b98a05gaersq","Moca-Croce (Corse-du-Sud)","Moca-Croce","arrondissement : 2A4 | canton : Petreto-Bicchisano","1er janvier 1976 : Moca-Croce est rattaché au département (Anc. 20160).","Corse-du-Sud (Corse, département) [d3ntb7h3jn-16it3tcjqcvnn]","2A160","POINT(1200300 6097600)","http://id.insee.fr/geo/commune/2A160 | http://data.ign.fr/id/geofla/commune/2A160 | http://data.alegoria-project.fr/id/ign/unitesadministratives/commune/2A160","Santa-Maria-Figaniella (Corse-du-Sud) [d3ntgv2sio--1n0ee2b985ddf] | Petreto-Bicchisano (Corse-du-Sud) [d3ntgus770--ppwlpkh0ii0p] | Zérubia (Corse-du-Sud) [d3ntgv7uo0--mgkzlcke3ym3] | Aullène (Corse-du-Sud) [d3ntgu52x3--1ik8ujgvrnm1l] | Zigliara (Corse-du-Sud) [d3ntgv92fb-1o0bfzkhjsfdg] | Argiusta-Moriccio (Corse-du-Sud) [d3ntgu49th--1w96p3eqbs3az] | Fozzano (Corse-du-Sud) [d3ntguhpj8--10on193y6j31j]"
"place/FRAN_RI_005-d3ntgunvzp--uxlojh9wwik5","d3ntgunvzp--uxlojh9wwik5","Monacia-d'Aullène (Corse-du-Sud)","Monacia-d'Aullène","arrondissement : 2A4 | canton : Figari","1er janvier 1976 : Monacia-d'Aullène est rattaché au département (Anc. 20163).","Corse-du-Sud (Corse, département) [d3ntb7h3jn-16it3tcjqcvnn]","2A163","POINT(1202700 6064900)","http://id.insee.fr/geo/commune/2A163 | http://data.ign.fr/id/geofla/commune/2A163 | http://data.alegoria-project.fr/id/ign/unitesadministratives/commune/2A163","Sartène (Corse-du-Sud) [d3ntguyx9n--16956q41dssko] | Pianottoli-Caldarello (Corse-du-Sud) [d3ntgusuh3--1v2x95a442sf5]"
"place/FRAN_RI_005-d3ntguo8pj-1drppzlykphok","d3ntguo8pj-1drppzlykphok","Murzo (Corse-du-Sud)","Murzo","arrondissement : 2A1 | canton : Les Deux-Sorru","1er janvier 1976 : Murzo est rattaché au département (Anc. 20174).","Corse-du-Sud (Corse, département) [d3ntb7h3jn-16it3tcjqcvnn]","2A174","POINT(1181900 6136400)","http://id.insee.fr/geo/commune/2A174 | http://data.ign.fr/id/geofla/commune/2A174 | http://data.alegoria-project.fr/id/ign/unitesadministratives/commune/2A174","Arbori (Corse-du-Sud) [d3ntgu3oh7--z7nbj3bfk1i6] | Rosazia (Corse-du-Sud) [d3ntguwtlt-786d9opc2a2h] | Poggiolo (Corse-du-Sud) [d3ntguu3iy-4zai5k00b71o] | Vico (Corse-du-Sud) [d3ntgv6o79--13v37nn375s2k] | Letia (Corse-du-Sud) [d3ntgul3r8--6n7o6mxlhlbq]"
"place/FRAN_RI_005-d3ntguoks4--m5upxiy2bxkt","d3ntguoks4--m5upxiy2bxkt","Ocana (Corse-du-Sud)","Ocana","arrondissement : 2A1 | canton : Bastelica","1er janvier 1976 : Ocana est rattaché au département (Anc. 20181).","Corse-du-Sud (Corse, département) [d3ntb7h3jn-16it3tcjqcvnn]","2A181","POINT(1192500 6113900)","http://id.insee.fr/geo/commune/2A181 | http://data.ign.fr/id/geofla/commune/2A181 | http://data.alegoria-project.fr/id/ign/unitesadministratives/commune/2A181","Eccica-Suarella (Corse-du-Sud) [d3ntgufwnf-1opocu8p8nb1i] | Bastelicaccia (Corse-du-Sud) [d3ntgu6uak-7ek8289acys0] | Cuttoli-Corticchiato (Corse-du-Sud) [d3ntgufl0d-kyp0kctm7mia] | Tolla (Corse-du-Sud) [d3ntgv4omw--1qy0jjromrffe]"
"place/FRAN_RI_005-d3ntguowf5-1qp2e21ag808a","d3ntguowf5-1qp2e21ag808a","Olivese (Corse-du-Sud)","Olivese","arrondissement : 2A4 | canton : Petreto-Bicchisano","1er janvier 1976 : Olivese est rattaché au département (Anc. 20186).","Corse-du-Sud (Corse, département) [d3ntb7h3jn-16it3tcjqcvnn]","2A186","POINT(1203600 6102000)","http://id.insee.fr/geo/commune/2A186 | http://data.ign.fr/id/geofla/commune/2A186 | http://data.alegoria-project.fr/id/ign/unitesadministratives/commune/2A186","Corrano (Corse-du-Sud) [d3ntgue4uf-3pc94kmeq35i] | Forciolo (Corse-du-Sud) [d3ntguhc63--1vnvceunzpo28] | Aullène (Corse-du-Sud) [d3ntgu52x3--1ik8ujgvrnm1l] | Zicavo (Corse-du-Sud) [d3ntgv8jgf-17ynsaypyo9ij] | Argiusta-Moriccio (Corse-du-Sud) [d3ntgu49th--1w96p3eqbs3az] | Zévaco (Corse-du-Sud) [d3ntgv86yc--tbjg186f2d3q]"
"place/FRAN_RI_005-d3ntgup8ph-2ibrwybqpd4x","d3ntgup8ph-2ibrwybqpd4x","Olmeto (Corse-du-Sud)","Olmeto","arrondissement : 2A4 | canton : Olmeto","1er janvier 1976 : Olmeto est rattaché au département (Anc. 20189).","Corse-du-Sud (Corse, département) [d3ntb7h3jn-16it3tcjqcvnn]","2A189","POINT(1193200 6086900)","http://id.insee.fr/geo/commune/2A189 | http://data.ign.fr/id/geofla/commune/2A189 | http://data.alegoria-project.fr/id/ign/unitesadministratives/commune/2A189","Casalabriva (Corse-du-Sud) [d3ntguby5z--18ay6dyi92y1j] | Viggianello (Corse-du-Sud) [d3ntgv74l1-1r9wi1jesgoue] | Petreto-Bicchisano (Corse-du-Sud) [d3ntgus770--ppwlpkh0ii0p] | Propriano (Corse-du-Sud) [d3ntguurgc--iykdtm82wlgz] | Serra-di-Ferro (Corse-du-Sud) [d3ntguz9zh-yb0s3sh9cchw] | Sollacaro (Corse-du-Sud) [d3ntgv0ppx--hchfhcdd2a3q] | Fozzano (Corse-du-Sud) [d3ntguhpj8--10on193y6j31j]"
"place/FRAN_RI_005-d3ntgupkcj-1cssbez5ph06j","d3ntgupkcj-1cssbez5ph06j","Olmiccia (Corse-du-Sud)","Olmiccia","arrondissement : 2A4 | canton : Tallano-Scopamène","1er janvier 1976 : Olmiccia est rattaché au département (Anc. 20191).","Corse-du-Sud (Corse, département) [d3ntb7h3jn-16it3tcjqcvnn]","2A191","POINT(1205200 6085100)","http://id.insee.fr/geo/commune/2A191 | http://data.ign.fr/id/geofla/commune/2A191 | http://data.alegoria-project.fr/id/ign/unitesadministratives/commune/2A191","Granace (Corse-du-Sud) [d3ntguiovw--agtwodbuwuhc] | Sartène (Corse-du-Sud) [d3ntguyx9n--16956q41dssko] | Arbellara (Corse-du-Sud) [d3ntgu3d9o--df8rwiov05q] | Sainte-Lucie-de-Tallano (Corse-du-Sud) [d3ntgv2dn8-1dfgvl974hjrk] | Loreto-di-Tallano (Corse-du-Sud) [d3ntgum3jf--17lzdsed0gj2x]"
"place/FRAN_RI_005-d3ntgupw7c-1c3anqn45qrdw","d3ntgupw7c-1c3anqn45qrdw","Orto (Corse-du-Sud)","Orto","arrondissement : 2A1 | canton : Les Deux-Sorru","1er janvier 1976 : Orto est rattaché au département (Anc. 20196).Porto-Vecchio est rattaché au département (Anc. 20247).Sari-di-Porto-Vecchio est rattaché au département (Anc. 20269).","Corse-du-Sud (Corse, département) [d3ntb7h3jn-16it3tcjqcvnn]","2A196","POINT(1190500 6139100)","http://id.insee.fr/geo/commune/2A196 | http://data.ign.fr/id/geofla/commune/2A196 | http://data.alegoria-project.fr/id/ign/unitesadministratives/commune/2A196","Corte (Haute-Corse) [d3ntgw0xus-1gytt3qgcsq95] | Guagno (Corse-du-Sud) [d3ntgujsjr-1u42rp2pi5182] | Poggiolo (Corse-du-Sud) [d3ntguu3iy-4zai5k00b71o] | Soccia (Corse-du-Sud) [d3ntgv0ckk-1a8acykyz8172]"
"place/FRAN_RI_005-d3ntguq89w--e7dhiv2hvhho","d3ntguq89w--e7dhiv2hvhho","Osani (Corse-du-Sud)","Osani","arrondissement : 2A1 | canton : Les Deux-Sevi","1er janvier 1976 : Osani est rattaché au département (Anc. 20197).","Corse-du-Sud (Corse, département) [d3ntb7h3jn-16it3tcjqcvnn]","2A197","POINT(1164600 6152500)","http://id.insee.fr/geo/commune/2A197 | http://data.ign.fr/id/geofla/commune/2A197 | http://data.alegoria-project.fr/id/ign/unitesadministratives/commune/2A197","Partinello (Corse-du-Sud) [d3ntgur7mk--1nq697rtl6afl] | Galéria (Haute-Corse) [d3ntgw6nhy-13gx3ips4bc7o]"
"place/FRAN_RI_005-d3ntguqjp7-va5pju7mmuxo","d3ntguqjp7-va5pju7mmuxo","Ota (Corse-du-Sud)","Ota","arrondissement : 2A1 | canton : Les Deux-Sevi","1er janvier 1976 : Ota est rattaché au département (Anc. 20198).San-Martino-di-Lota est rattaché au département (Anc. 20305).Santa-Maria-di-Lota est rattaché au département (Anc. 20309).","Corse-du-Sud (Corse, département) [d3ntb7h3jn-16it3tcjqcvnn]","2A198","POINT(1174300 6145900)","http://id.insee.fr/geo/commune/2A198 | http://data.ign.fr/id/geofla/commune/2A198 | http://data.alegoria-project.fr/id/ign/unitesadministratives/commune/2A198","Serriera (Corse-du-Sud) [d3ntguzxhc--loxsm1hwmfa4] | Evisa (Corse-du-Sud) [d3ntgugbiv--1eaugxibowvba] | Marignana (Corse-du-Sud) [d3ntgumfe8--7lot01fbd2eo] | Piana (Corse-du-Sud) [d3ntgusiu1-7nxbxmoh3ls7]"
"place/FRAN_RI_005-d3ntguqvk0--nyi4gqhe5md9","d3ntguqvk0--nyi4gqhe5md9","Palneca (Corse-du-Sud)","Palneca","arrondissement : 2A1 | canton : Zicavo","1er janvier 1976 : Palneca est rattaché au département (Anc. 20200).","Corse-du-Sud (Corse, département) [d3ntb7h3jn-16it3tcjqcvnn]","2A200","POINT(1212200 6116500)","http://id.insee.fr/geo/commune/2A200 | http://data.ign.fr/id/geofla/commune/2A200 | http://data.alegoria-project.fr/id/ign/unitesadministratives/commune/2A200","Ciamannacce (Corse-du-Sud) [d3ntgucmye-mp3e5d2mg3y] | Isolaccio-di-Fiumorbo (Haute-Corse) [d3ntgw8ulx--w5nvwpc88y7v] | Cozzano (Corse-du-Sud) [d3ntguetf3--1kaci7ker5at3] | Ghisoni (Haute-Corse) [d3ntgw7l4j-1728bly0ddh5b] | San-Gavino-di-Fiumorbo (Haute-Corse) [d3ntgy265b-16xou5kygtf0v] | Bastelica (Corse-du-Sud) [d3ntgu6ifr-1ddi8lucm9y60]"
"place/FRAN_RI_005-d3ntgur7mk--1nq697rtl6afl","d3ntgur7mk--1nq697rtl6afl","Partinello (Corse-du-Sud)","Partinello","arrondissement : 2A1 | canton : Les Deux-Sevi","1er janvier 1976 : Partinello est rattaché au département (Anc. 20203).","Corse-du-Sud (Corse, département) [d3ntb7h3jn-16it3tcjqcvnn]","2A203","POINT(1168800 6151500)","http://id.insee.fr/geo/commune/2A203 | http://data.ign.fr/id/geofla/commune/2A203 | http://data.alegoria-project.fr/id/ign/unitesadministratives/commune/2A203","Osani (Corse-du-Sud) [d3ntguq89w--e7dhiv2hvhho] | Manso (Haute-Corse) [d3ntgwdozv-1fsd9bj4um8sx] | Galéria (Haute-Corse) [d3ntgw6nhy-13gx3ips4bc7o] | Serriera (Corse-du-Sud) [d3ntguzxhc--loxsm1hwmfa4]"
"place/FRAN_RI_005-d3ntgurj9m--bu2stmpcwefu","d3ntgurj9m--bu2stmpcwefu","Pastricciola (Corse-du-Sud)","Pastricciola","arrondissement : 2A1 | canton : Cruzini-Cinarca","1er janvier 1976 : Pastricciola est rattaché au département (Anc. 20204).","Corse-du-Sud (Corse, département) [d3ntb7h3jn-16it3tcjqcvnn]","2A204","POINT(1195100 6134200)","http://id.insee.fr/geo/commune/2A204 | http://data.ign.fr/id/geofla/commune/2A204 | http://data.alegoria-project.fr/id/ign/unitesadministratives/commune/2A204","Vivario (Haute-Corse) [d3ntgxznm2--16a2etpn7cmia] | Rezza (Corse-du-Sud) [d3ntguwhj9-1juo0ukidodpz] | Guagno (Corse-du-Sud) [d3ntgujsjr-1u42rp2pi5182] | Bocognano (Corse-du-Sud) [d3ntgu7wg4-qv0ex1uhh6ur] | Tavera (Corse-du-Sud) [d3ntgv4amh--qtpgxvpehv33]"
"place/FRAN_RI_005-d3ntguruwo-yf0xen84o5db","d3ntguruwo-yf0xen84o5db","Peri (Corse-du-Sud)","Peri","arrondissement : 2A1 | canton : Celavo-Mezzana","1er janvier 1976 : Peri est rattaché au département (Anc. 20209).","Corse-du-Sud (Corse, département) [d3ntb7h3jn-16it3tcjqcvnn]","2A209","POINT(1191000 6118800)","http://id.insee.fr/geo/commune/2A209 | http://data.ign.fr/id/geofla/commune/2A209 | http://data.alegoria-project.fr/id/ign/unitesadministratives/commune/2A209","Tavaco (Corse-du-Sud) [d3ntgv3v3r--3scss7nts5se] | Carbuccia (Corse-du-Sud) [d3ntgu9xyb-vejxieq4fxw9] | Ucciani (Corse-du-Sud) [d3ntgv581b-1c0knvutoarrw] | Cuttoli-Corticchiato (Corse-du-Sud) [d3ntgufl0d-kyp0kctm7mia] | Sarrola-Carcopino (Corse-du-Sud) [d3ntguykc1-e7cxoq9kup1x] | Tolla (Corse-du-Sud) [d3ntgv4omw--1qy0jjromrffe] | Bastelica (Corse-du-Sud) [d3ntgu6ifr-1ddi8lucm9y60]"
"place/FRAN_RI_005-d3ntgus770--ppwlpkh0ii0p","d3ntgus770--ppwlpkh0ii0p","Petreto-Bicchisano (Corse-du-Sud)","Petreto-Bicchisano","arrondissement : 2A4 | canton : Petreto-Bicchisano","1er janvier 1976 : Petreto-Bicchisano est rattaché au département (Anc. 20211).","Corse-du-Sud (Corse, département) [d3ntb7h3jn-16it3tcjqcvnn]","2A211","POINT(1197800 6094600)","http://id.insee.fr/geo/commune/2A211 | http://data.ign.fr/id/geofla/commune/2A211 | http://data.alegoria-project.fr/id/ign/unitesadministratives/commune/2A211","Guargualé (Corse-du-Sud) [d3ntguk4ek-dp3wxio5y9fm] | Casalabriva (Corse-du-Sud) [d3ntguby5z--18ay6dyi92y1j] | Santa-Maria-Figaniella (Corse-du-Sud) [d3ntgv2sio--1n0ee2b985ddf] | Urbalacone (Corse-du-Sud) [d3ntgv5m9h-175hy2znf6cqq] | Pila-Canale (Corse-du-Sud) [d3ntguts3o--btpwq3liutwm] | Olmeto (Corse-du-Sud) [d3ntgup8ph-2ibrwybqpd4x] | Zigliara (Corse-du-Sud) [d3ntgv92fb-1o0bfzkhjsfdg] | Moca-Croce (Corse-du-Sud) [d3ntgunb2y-1b98a05gaersq] | Fozzano (Corse-du-Sud) [d3ntguhpj8--10on193y6j31j]"
"place/FRAN_RI_005-d3ntgusiu1-7nxbxmoh3ls7","d3ntgusiu1-7nxbxmoh3ls7","Piana (Corse-du-Sud)","Piana","arrondissement : 2A1 | canton : Les Deux-Sevi","1er janvier 1976 : Piana est rattaché au département (Anc. 20212).","Corse-du-Sud (Corse, département) [d3ntb7h3jn-16it3tcjqcvnn]","2A212","POINT(1165600 6143100)","http://id.insee.fr/geo/commune/2A212 | http://data.ign.fr/id/geofla/commune/2A212 | http://data.alegoria-project.fr/id/ign/unitesadministratives/commune/2A212","Cargèse (Corse-du-Sud) [d3ntguaw86-w6g744co1c6d] | Ota (Corse-du-Sud) [d3ntguqjp7-va5pju7mmuxo] | Marignana (Corse-du-Sud) [d3ntgumfe8--7lot01fbd2eo]"
"place/FRAN_RI_005-d3ntgusuh3--1v2x95a442sf5","d3ntgusuh3--1v2x95a442sf5","Pianottoli-Caldarello (Corse-du-Sud)","Pianottoli-Caldarello","arrondissement : 2A4 | canton : Figari","1er janvier 1976 : | Pianotolli-Caldarello est rattaché au département (Anc. 20215). 1er janvier 2001 : Pianotolli-Caldarello devient Pianottoli-Caldarello.","Corse-du-Sud (Corse, département) [d3ntb7h3jn-16it3tcjqcvnn]","2A215","POINT(1206600 6063000)","http://id.insee.fr/geo/commune/2A215 | http://data.ign.fr/id/geofla/commune/2A215 | http://data.alegoria-project.fr/id/ign/unitesadministratives/commune/2A215","Levie (Corse-du-Sud) [d3ntgulfea--1d47vnxcs3o06] | Monacia-d'Aullène (Corse-du-Sud) [d3ntgunvzp--uxlojh9wwik5] | Sartène (Corse-du-Sud) [d3ntguyx9n--16956q41dssko] | Figari (Corse-du-Sud) [d3ntgugogh-ncgmcnf5vdct]"
"place/FRAN_RI_005-d3ntgute39-1j39yzqvur3x5","d3ntgute39-1j39yzqvur3x5","Pietrosella (Corse-du-Sud)","Pietrosella","arrondissement : 2A1 | canton : Santa-Maria-Siché","1er janvier 1976 : Pietrosella est rattaché au département (Anc. 20228).","Corse-du-Sud (Corse, département) [d3ntb7h3jn-16it3tcjqcvnn]","2A228","POINT(1186200 6099700)","http://id.insee.fr/geo/commune/2A228 | http://data.ign.fr/id/geofla/commune/2A228 | http://data.alegoria-project.fr/id/ign/unitesadministratives/commune/2A228","Albitreccia (Corse-du-Sud) [d3ntgu21ug-1nj1o9ynk66sx] | Cognocoli-Monticchi (Corse-du-Sud) [d3ntgudebx--tm8z2cvminwk] | Coti-Chiavari (Corse-du-Sud) [d3ntguehk9--1k2xoswjerylu]"
"place/FRAN_RI_005-d3ntguts3o--btpwq3liutwm","d3ntguts3o--btpwq3liutwm","Pila-Canale (Corse-du-Sud)","Pila-Canale","arrondissement : 2A1 | canton : Santa-Maria-Siché","1er janvier 1976 : Pila-Canale est rattaché au département (Anc. 20232).","Corse-du-Sud (Corse, département) [d3ntb7h3jn-16it3tcjqcvnn]","2A232","POINT(1191700 6097500)","http://id.insee.fr/geo/commune/2A232 | http://data.ign.fr/id/geofla/commune/2A232 | http://data.alegoria-project.fr/id/ign/unitesadministratives/commune/2A232","Guargualé (Corse-du-Sud) [d3ntguk4ek-dp3wxio5y9fm] | Casalabriva (Corse-du-Sud) [d3ntguby5z--18ay6dyi92y1j] | Petreto-Bicchisano (Corse-du-Sud) [d3ntgus770--ppwlpkh0ii0p] | Cognocoli-Monticchi (Corse-du-Sud) [d3ntgudebx--tm8z2cvminwk] | Sollacaro (Corse-du-Sud) [d3ntgv0ppx--hchfhcdd2a3q]"
"place/FRAN_RI_005-d3ntguu3iy-4zai5k00b71o","d3ntguu3iy-4zai5k00b71o","Poggiolo (Corse-du-Sud)","Poggiolo","arrondissement : 2A1 | canton : Les Deux-Sorru","1er janvier 1976 : Poggiolo est rattaché au département (Anc. 20240).","Corse-du-Sud (Corse, département) [d3ntb7h3jn-16it3tcjqcvnn]","2A240","POINT(1188700 6137900)","http://id.insee.fr/geo/commune/2A240 | http://data.ign.fr/id/geofla/commune/2A240 | http://data.alegoria-project.fr/id/ign/unitesadministratives/commune/2A240","Azzana (Corse-du-Sud) [d3ntgu5qmp-1x6gwii4s9nkw] | Rosazia (Corse-du-Sud) [d3ntguwtlt-786d9opc2a2h] | Murzo (Corse-du-Sud) [d3ntguo8pj-1drppzlykphok] | Guagno (Corse-du-Sud) [d3ntgujsjr-1u42rp2pi5182] | Salice (Corse-du-Sud) [d3ntgux5gn-1muibe2hb7bj0] | Letia (Corse-du-Sud) [d3ntgul3r8--6n7o6mxlhlbq] | Soccia (Corse-du-Sud) [d3ntgv0ckk-1a8acykyz8172] | Orto (Corse-du-Sud) [d3ntgupw7c-1c3anqn45qrdw]"
"place/FRAN_RI_005-d3ntguuf60--1f5wuc8p2qq7k","d3ntguuf60--1f5wuc8p2qq7k","Porto-Vecchio (Corse-du-Sud)","Porto-Vecchio","arrondissement : 2A4 | canton : Porto-Vecchio","1er janvier 1976 : Porto-Vecchio est rattaché au département (Anc. 20247).Sari-di-Porto-Vecchio est rattaché au département (Anc. 20269).","Corse-du-Sud (Corse, département) [d3ntb7h3jn-16it3tcjqcvnn]","2A247","POINT(1224400 6075200)","http://id.insee.fr/geo/commune/2A247 | http://data.ign.fr/id/geofla/commune/2A247 | http://data.alegoria-project.fr/id/ign/unitesadministratives/commune/2A247","Lecci (Corse-du-Sud) [d3ntguks46--13q73o2rdz75i] | Bonifacio (Corse-du-Sud) [d3ntgu895y--u40tikzro3u4] | Levie (Corse-du-Sud) [d3ntgulfea--1d47vnxcs3o06] | Sotta (Corse-du-Sud) [d3ntgv1dv2--lj65r6xm7c0o] | Carbini (Corse-du-Sud) [d3ntgu9lo0--1ip40dvqmp12q] | San-Gavino-di-Carbini (Corse-du-Sud) [d3ntgv21ko--11whmgl5qzhxb]"
"place/FRAN_RI_005-d3ntguurgc--iykdtm82wlgz","d3ntguurgc--iykdtm82wlgz","Propriano (Corse-du-Sud)","Propriano","arrondissement : 2A4 | canton : Olmeto","1er janvier 1976 : Propriano est rattaché au département (Anc. 20249).","Corse-du-Sud (Corse, département) [d3ntb7h3jn-16it3tcjqcvnn]","2A249","POINT(1192400 6082100)","http://id.insee.fr/geo/commune/2A249 | http://data.ign.fr/id/geofla/commune/2A249 | http://data.alegoria-project.fr/id/ign/unitesadministratives/commune/2A249","Bilia (Corse-du-Sud) [d3ntgu7hko--29usc7bon1lt] | Viggianello (Corse-du-Sud) [d3ntgv74l1-1r9wi1jesgoue] | Belvédère-Campomoro (Corse-du-Sud) [d3ntgu75pv--126j72nt5qcy2] | Olmeto (Corse-du-Sud) [d3ntgup8ph-2ibrwybqpd4x] | Sartène (Corse-du-Sud) [d3ntguyx9n--16956q41dssko] | Grossa (Corse-du-Sud) [d3ntguj3rc--1h0rinqcg1hw9]"
"place/FRAN_RI_005-d3ntguv33e--1sn9z0gps44i5","d3ntguv33e--1sn9z0gps44i5","Quasquara (Corse-du-Sud)","Quasquara","arrondissement : 2A1 | canton : Santa-Maria-Siché","1er janvier 1976 : Quasquara est rattaché au département (Anc. 20253).","Corse-du-Sud (Corse, département) [d3ntb7h3jn-16it3tcjqcvnn]","2A253","POINT(1199300 6107800)","http://id.insee.fr/geo/commune/2A253 | http://data.ign.fr/id/geofla/commune/2A253 | http://data.alegoria-project.fr/id/ign/unitesadministratives/commune/2A253","Santa-Maria-Siché (Corse-du-Sud) [d3ntgv35ga-12sxrh5z3ohz7] | Campo (Corse-du-Sud) [d3ntgu8x3c-blx2k0s2jvxr] | Frasseto (Corse-du-Sud) [d3ntgui1e1-8up8uikjfb28] | Bastelica (Corse-du-Sud) [d3ntgu6ifr-1ddi8lucm9y60]"
"place/FRAN_RI_005-d3ntguvj9e-5h9gfutfxtjl","d3ntguvj9e-5h9gfutfxtjl","Quenza (Corse-du-Sud)","Quenza","arrondissement : 2A4 | canton : Tallano-Scopamène","1er janvier 1976 : Quenza est rattaché au département (Anc. 20254).","Corse-du-Sud (Corse, département) [d3ntb7h3jn-16it3tcjqcvnn]","2A254","POINT(1211100 6093700)","http://id.insee.fr/geo/commune/2A254 | http://data.ign.fr/id/geofla/commune/2A254 | http://data.alegoria-project.fr/id/ign/unitesadministratives/commune/2A254","Serra-di-Scopamène (Corse-du-Sud) [d3ntguzlua--iwvf333x3pwu] | Conca (Corse-du-Sud) [d3ntgudq6q-30gp6fyma6yi] | Levie (Corse-du-Sud) [d3ntgulfea--1d47vnxcs3o06] | Sari-Solenzara (Corse-du-Sud) [d3ntguxt69-161dd77lqzd3o] | Zicavo (Corse-du-Sud) [d3ntgv8jgf-17ynsaypyo9ij] | Sorbollano (Corse-du-Sud) [d3ntgv1209-r7dxmvltvzd2] | Zonza (Corse-du-Sud) [d3ntgv9mor--ha9id6d15hur] | San-Gavino-di-Carbini (Corse-du-Sud) [d3ntgv21ko--11whmgl5qzhxb] | Solaro (Haute-Corse) [d3ntgxdlhp-1vmnpim22km8u]"
"place/FRAN_RI_005-d3ntguw4dw--rfr7k1jwg03v","d3ntguw4dw--rfr7k1jwg03v","Renno (Corse-du-Sud)","Renno","arrondissement : 2A1 | canton : Les Deux-Sorru","1er janvier 1976 : Renno est rattaché au département (Anc. 20258).","Corse-du-Sud (Corse, département) [d3ntb7h3jn-16it3tcjqcvnn]","2A258","POINT(1181500 6141100)","http://id.insee.fr/geo/commune/2A258 | http://data.ign.fr/id/geofla/commune/2A258 | http://data.alegoria-project.fr/id/ign/unitesadministratives/commune/2A258","Cristinacce (Corse-du-Sud) [d3ntguf82r--1tjfljne361qz] | Vico (Corse-du-Sud) [d3ntgv6o79--13v37nn375s2k] | Letia (Corse-du-Sud) [d3ntgul3r8--6n7o6mxlhlbq] | Marignana (Corse-du-Sud) [d3ntgumfe8--7lot01fbd2eo] | Balogna (Corse-du-Sud) [d3ntgu65ae--oo9ivz65mxt8]"
"place/FRAN_RI_005-d3ntguwhj9-1juo0ukidodpz","d3ntguwhj9-1juo0ukidodpz","Rezza (Corse-du-Sud)","Rezza","arrondissement : 2A1 | canton : Cruzini-Cinarca","1er janvier 1976 : Monacia-d'Orezza est rattaché au département (Anc. 20164).Pie-d'Orezza est rattaché au département (Anc. 20222).Rezza est rattaché au département (Anc. 20259).Valle-d'Orezza est rattaché au département (Anc. 20338).","Corse-du-Sud (Corse, département) [d3ntb7h3jn-16it3tcjqcvnn]","2A259","POINT(1191800 6132300)","http://id.insee.fr/geo/commune/2A259 | http://data.ign.fr/id/geofla/commune/2A259 | http://data.alegoria-project.fr/id/ign/unitesadministratives/commune/2A259","Azzana (Corse-du-Sud) [d3ntgu5qmp-1x6gwii4s9nkw] | Guagno (Corse-du-Sud) [d3ntgujsjr-1u42rp2pi5182] | Tavera (Corse-du-Sud) [d3ntgv4amh--qtpgxvpehv33] | Pastricciola (Corse-du-Sud) [d3ntgurj9m--bu2stmpcwefu]"
"place/FRAN_RI_005-d3ntguwtlt-786d9opc2a2h","d3ntguwtlt-786d9opc2a2h","Rosazia (Corse-du-Sud)","Rosazia","arrondissement : 2A1 | canton : Cruzini-Cinarca","1er janvier 1976 : Rosazia est rattaché au département (Anc. 20262).","Corse-du-Sud (Corse, département) [d3ntb7h3jn-16it3tcjqcvnn]","2A262","POINT(1186200 6132200)","http://id.insee.fr/geo/commune/2A262 | http://data.ign.fr/id/geofla/commune/2A262 | http://data.alegoria-project.fr/id/ign/unitesadministratives/commune/2A262","Arbori (Corse-du-Sud) [d3ntgu3oh7--z7nbj3bfk1i6] | Murzo (Corse-du-Sud) [d3ntguo8pj-1drppzlykphok] | Lopigna (Corse-du-Sud) [d3ntgulrwd--fas8i09eibvh] | Poggiolo (Corse-du-Sud) [d3ntguu3iy-4zai5k00b71o] | Salice (Corse-du-Sud) [d3ntgux5gn-1muibe2hb7bj0]"
"place/FRAN_RI_005-d3ntgv2dn8-1dfgvl974hjrk","d3ntgv2dn8-1dfgvl974hjrk","Sainte-Lucie-de-Tallano (Corse-du-Sud)","Sainte-Lucie-de-Tallano","arrondissement : 2A4 | canton : Tallano-Scopamène","1er janvier 1965 : Poggio-di-Tallano est rattachée à Santa-Lucia-di-Tallano (fusion simple) qui devient Sainte-Lucie-de-Tallano.Santa-Lucia-di-Tallano devient Sainte-Lucie-de-Tallano suite à sa fusion avec Poggio-di-Tallano et Sant'Andréa-di-Tallano. 1er janvier 1976 : Sainte-Lucie-de-Tallano est rattaché au département (Anc. 20308).","Corse-du-Sud (Corse, département) [d3ntb7h3jn-16it3tcjqcvnn]","2A308","POINT(1205500 6085700)","http://id.insee.fr/geo/commune/2A308 | http://data.ign.fr/id/geofla/commune/2A308 | http://data.alegoria-project.fr/id/ign/unitesadministratives/commune/2A308","Olmiccia (Corse-du-Sud) [d3ntgupkcj-1cssbez5ph06j] | Mela (Corse-du-Sud) [d3ntgumxxl-5inpdn8d58lr] | Foce (Corse-du-Sud) [d3ntguh03j--503c7flw5v3z] | Granace (Corse-du-Sud) [d3ntguiovw--agtwodbuwuhc] | Levie (Corse-du-Sud) [d3ntgulfea--1d47vnxcs3o06] | Zoza (Corse-du-Sud) [d3ntgva0p6-yahs0qv33ljn] | Altagène (Corse-du-Sud) [d3ntgu2dhi-dtvtbvuplncn] | Loreto-di-Tallano (Corse-du-Sud) [d3ntgum3jf--17lzdsed0gj2x] | Cargiaca (Corse-du-Sud) [d3ntgub830-njo4a4lpskf]"
"place/FRAN_RI_005-d3ntgux5gn-1muibe2hb7bj0","d3ntgux5gn-1muibe2hb7bj0","Salice (Corse-du-Sud)","Salice","arrondissement : 2A1 | canton : Cruzini-Cinarca","1er janvier 1976 : Salice est rattaché au département (Anc. 20266).Saliceto est rattaché au département (Anc. 20267).","Corse-du-Sud (Corse, département) [d3ntb7h3jn-16it3tcjqcvnn]","2A266","POINT(1188400 6131600)","http://id.insee.fr/geo/commune/2A266 | http://data.ign.fr/id/geofla/commune/2A266 | http://data.alegoria-project.fr/id/ign/unitesadministratives/commune/2A266","Azzana (Corse-du-Sud) [d3ntgu5qmp-1x6gwii4s9nkw] | Rosazia (Corse-du-Sud) [d3ntguwtlt-786d9opc2a2h] | Lopigna (Corse-du-Sud) [d3ntgulrwd--fas8i09eibvh] | Poggiolo (Corse-du-Sud) [d3ntguu3iy-4zai5k00b71o] | Vero (Corse-du-Sud) [d3ntgv6bhf-1eec9o5f7yimf]"
"place/FRAN_RI_005-d3ntguxhbg--19e7awj7chtx8","d3ntguxhbg--19e7awj7chtx8","Sampolo (Corse-du-Sud)","Sampolo","arrondissement : 2A1 | canton : Zicavo","1er janvier 1976 : Sampolo est rattaché au département (Anc. 20268).","Corse-du-Sud (Corse, département) [d3ntb7h3jn-16it3tcjqcvnn]","2A268","POINT(1208300 6113200)","http://id.insee.fr/geo/commune/2A268 | http://data.ign.fr/id/geofla/commune/2A268 | http://data.alegoria-project.fr/id/ign/unitesadministratives/commune/2A268","Ciamannacce (Corse-du-Sud) [d3ntgucmye-mp3e5d2mg3y] | Zicavo (Corse-du-Sud) [d3ntgv8jgf-17ynsaypyo9ij] | Tasso (Corse-du-Sud) [d3ntgv3i65--1frk2h3ie95im]"
"place/FRAN_RI_005-d3ntgv21ko--11whmgl5qzhxb","d3ntgv21ko--11whmgl5qzhxb","San-Gavino-di-Carbini (Corse-du-Sud)","San-Gavino-di-Carbini","arrondissement : 2A4 | canton : Levie","1er janvier 1976 : San-Gavino-di-Carbini est rattaché au département (Anc. 20300).","Corse-du-Sud (Corse, département) [d3ntb7h3jn-16it3tcjqcvnn]","2A300","POINT(1212200 6088800)","http://id.insee.fr/geo/commune/2A300 | http://data.ign.fr/id/geofla/commune/2A300 | http://data.alegoria-project.fr/id/ign/unitesadministratives/commune/2A300","Lecci (Corse-du-Sud) [d3ntguks46--13q73o2rdz75i] | Quenza (Corse-du-Sud) [d3ntguvj9e-5h9gfutfxtjl] | Levie (Corse-du-Sud) [d3ntgulfea--1d47vnxcs3o06] | Porto-Vecchio (Corse-du-Sud) [d3ntguuf60--1f5wuc8p2qq7k] | Zonza (Corse-du-Sud) [d3ntgv9mor--ha9id6d15hur] | Carbini (Corse-du-Sud) [d3ntgu9lo0--1ip40dvqmp12q]"
"place/FRAN_RI_005-d3ntgv1ppv-1tweicluidwzc","d3ntgv1ppv-1tweicluidwzc","Sant'Andréa-d'Orcino (Corse-du-Sud)","Sant'Andréa-d'Orcino","arrondissement : 2A1 | canton : Cruzini-Cinarca","1er janvier 1976 : Sant'Andréa-d'Orcino est rattaché au département (Anc. 20295).","Corse-du-Sud (Corse, département) [d3ntb7h3jn-16it3tcjqcvnn]","2A295","POINT(1181400 6122800)","http://id.insee.fr/geo/commune/2A295 | http://data.ign.fr/id/geofla/commune/2A295 | http://data.alegoria-project.fr/id/ign/unitesadministratives/commune/2A295","Cannelle (Corse-du-Sud) [d3ntgu99do-1ndhtdovpvht1] | Valle-di-Mezzana (Corse-du-Sud) [d3ntgv5yrk--gol2vgq0vso6] | Calcatoggio (Corse-du-Sud) [d3ntgu8l8j--1tsj1yy6w1mzk] | Casaglione (Corse-du-Sud) [d3ntgubjia-17m8e3m4oiti6]"
"place/FRAN_RI_005-d3ntgv2sio--1n0ee2b985ddf","d3ntgv2sio--1n0ee2b985ddf","Santa-Maria-Figaniella (Corse-du-Sud)","Santa-Maria-Figaniella","arrondissement : 2A4 | canton : Olmeto","1er janvier 1976 : Santa-Maria-Figaniella est rattaché au département (Anc. 20310).","Corse-du-Sud (Corse, département) [d3ntb7h3jn-16it3tcjqcvnn]","2A310","POINT(1200500 6086300)","http://id.insee.fr/geo/commune/2A310 | http://data.ign.fr/id/geofla/commune/2A310 | http://data.alegoria-project.fr/id/ign/unitesadministratives/commune/2A310","Petreto-Bicchisano (Corse-du-Sud) [d3ntgus770--ppwlpkh0ii0p] | Zérubia (Corse-du-Sud) [d3ntgv7uo0--mgkzlcke3ym3] | Loreto-di-Tallano (Corse-du-Sud) [d3ntgum3jf--17lzdsed0gj2x] | Moca-Croce (Corse-du-Sud) [d3ntgunb2y-1b98a05gaersq] | Cargiaca (Corse-du-Sud) [d3ntgub830-njo4a4lpskf] | Fozzano (Corse-du-Sud) [d3ntguhpj8--10on193y6j31j]"
"place/FRAN_RI_005-d3ntgv35ga-12sxrh5z3ohz7","d3ntgv35ga-12sxrh5z3ohz7","Santa-Maria-Siché (Corse-du-Sud)","Santa-Maria-Siché","arrondissement : 2A1 | canton : Santa-Maria-Siché","1er janvier 1976 : Santa-Maria-Siché est rattaché au département (Anc. 20312).","Corse-du-Sud (Corse, département) [d3ntb7h3jn-16it3tcjqcvnn]","2A312","POINT(1196900 6104900)","http://id.insee.fr/geo/commune/2A312 | http://data.ign.fr/id/geofla/commune/2A312 | http://data.alegoria-project.fr/id/ign/unitesadministratives/commune/2A312","Campo (Corse-du-Sud) [d3ntgu8x3c-blx2k0s2jvxr] | Zigliara (Corse-du-Sud) [d3ntgv92fb-1o0bfzkhjsfdg] | Cardo-Torgia (Corse-du-Sud) [d3ntguajic--1f0cv8hbbusd8] | Quasquara (Corse-du-Sud) [d3ntguv33e--1sn9z0gps44i5] | Frasseto (Corse-du-Sud) [d3ntgui1e1-8up8uikjfb28] | Azilone-Ampaza (Corse-du-Sud) [d3ntgu5ek5-177r527beixef] | Grosseto-Prugna (Corse-du-Sud) [d3ntgujgoy-u3s6wprt1kjt] | Bastelica (Corse-du-Sud) [d3ntgu6ifr-1ddi8lucm9y60]"
"place/FRAN_RI_005-d3ntguy512--1ne3jljrcd1a3","d3ntguy512--1ne3jljrcd1a3","Sari-d'Orcino (Corse-du-Sud)","Sari-d'Orcino","arrondissement : 2A1 | canton : Cruzini-Cinarca","1er janvier 1976 : Sari-d'Orcino est rattaché au département (Anc. 20270).","Corse-du-Sud (Corse, département) [d3ntb7h3jn-16it3tcjqcvnn]","2A270","POINT(1182800 6124400)","http://id.insee.fr/geo/commune/2A270 | http://data.ign.fr/id/geofla/commune/2A270 | http://data.alegoria-project.fr/id/ign/unitesadministratives/commune/2A270","Tavaco (Corse-du-Sud) [d3ntgv3v3r--3scss7nts5se] | Ambiegna (Corse-du-Sud) [d3ntgu2p4k-1ndod6qokx1vj] | Cannelle (Corse-du-Sud) [d3ntgu99do-1ndhtdovpvht1] | Arro (Corse-du-Sud) [d3ntgu4pzh-1ckgfdgdoj6mr] | Lopigna (Corse-du-Sud) [d3ntgulrwd--fas8i09eibvh] | Casaglione (Corse-du-Sud) [d3ntgubjia-17m8e3m4oiti6] | Vero (Corse-du-Sud) [d3ntgv6bhf-1eec9o5f7yimf] | Sarrola-Carcopino (Corse-du-Sud) [d3ntguykc1-e7cxoq9kup1x]"
"place/FRAN_RI_005-d3ntguxt69-161dd77lqzd3o","d3ntguxt69-161dd77lqzd3o","Sari-Solenzara (Corse-du-Sud)","Sari-Solenzara","arrondissement : 2A4 | canton : Porto-Vecchio","1er janvier 1976 : | Sari-di-Porto-Vecchio est rattaché au département (Anc. 20269). 19 janvier 1985 : Sari-di-Porto-Vecchio devient Sari-Solenzara.","Corse-du-Sud (Corse, département) [d3ntb7h3jn-16it3tcjqcvnn]","2A269","POINT(1232000 6105500)","http://id.insee.fr/geo/commune/2A269 | http://data.ign.fr/id/geofla/commune/2A269 | http://data.alegoria-project.fr/id/ign/unitesadministratives/commune/2A269","Quenza (Corse-du-Sud) [d3ntguvj9e-5h9gfutfxtjl] | Conca (Corse-du-Sud) [d3ntgudq6q-30gp6fyma6yi] | Solaro (Haute-Corse) [d3ntgxdlhp-1vmnpim22km8u]"
"place/FRAN_RI_005-d3ntguykc1-e7cxoq9kup1x","d3ntguykc1-e7cxoq9kup1x","Sarrola-Carcopino (Corse-du-Sud)","Sarrola-Carcopino","arrondissement : 2A1 | canton : Celavo-Mezzana","1er janvier 1976 : Sarrola-Carcopino est rattaché au département (Anc. 20271).","Corse-du-Sud (Corse, département) [d3ntb7h3jn-16it3tcjqcvnn]","2A271","POINT(1184400 6120900)","http://id.insee.fr/geo/commune/2A271 | http://data.ign.fr/id/geofla/commune/2A271 | http://data.alegoria-project.fr/id/ign/unitesadministratives/commune/2A271","Afa (Corse-du-Sud) [d3ntgu12a1-l1fwyub6xjet] | Tavaco (Corse-du-Sud) [d3ntgv3v3r--3scss7nts5se] | Cannelle (Corse-du-Sud) [d3ntgu99do-1ndhtdovpvht1] | Valle-di-Mezzana (Corse-du-Sud) [d3ntgv5yrk--gol2vgq0vso6] | Sari-d'Orcino (Corse-du-Sud) [d3ntguy512--1ne3jljrcd1a3] | Bastelicaccia (Corse-du-Sud) [d3ntgu6uak-7ek8289acys0] | Peri (Corse-du-Sud) [d3ntguruwo-yf0xen84o5db] | Cuttoli-Corticchiato (Corse-du-Sud) [d3ntgufl0d-kyp0kctm7mia] | Ajaccio (Corse-du-Sud) [d3ntgu1ecl--obj9vm5rr46m] | Appietto (Corse-du-Sud) [d3ntgu30zd--18gkkw976ri8o]"
"place/FRAN_RI_005-d3ntguyx9n--16956q41dssko","d3ntguyx9n--16956q41dssko","Sartène (Corse-du-Sud)","Sartène","arrondissement : 2A4 | canton : Sartène","1er janvier 1976 : Sartène est rattaché au département (Anc. 20272).","Corse-du-Sud (Corse, département) [d3ntb7h3jn-16it3tcjqcvnn]","2A272","POINT(1198600 6076500)","http://id.insee.fr/geo/commune/2A272 | http://data.ign.fr/id/geofla/commune/2A272 | http://data.alegoria-project.fr/id/ign/unitesadministratives/commune/2A272","Olmiccia (Corse-du-Sud) [d3ntgupkcj-1cssbez5ph06j] | Bilia (Corse-du-Sud) [d3ntgu7hko--29usc7bon1lt] | Foce (Corse-du-Sud) [d3ntguh03j--503c7flw5v3z] | Granace (Corse-du-Sud) [d3ntguiovw--agtwodbuwuhc] | Viggianello (Corse-du-Sud) [d3ntgv74l1-1r9wi1jesgoue] | Levie (Corse-du-Sud) [d3ntgulfea--1d47vnxcs3o06] | Belvédère-Campomoro (Corse-du-Sud) [d3ntgu75pv--126j72nt5qcy2] | Monacia-d'Aullène (Corse-du-Sud) [d3ntgunvzp--uxlojh9wwik5] | Arbellara (Corse-du-Sud) [d3ntgu3d9o--df8rwiov05q] | Pianottoli-Caldarello (Corse-du-Sud) [d3ntgusuh3--1v2x95a442sf5] | Giuncheto (Corse-du-Sud) [d3ntguid13--1ah4hgq9k0b5l] | Propriano (Corse-du-Sud) [d3ntguurgc--iykdtm82wlgz] | Grossa (Corse-du-Sud) [d3ntguj3rc--1h0rinqcg1hw9]"
"place/FRAN_RI_005-d3ntguz9zh-yb0s3sh9cchw","d3ntguz9zh-yb0s3sh9cchw","Serra-di-Ferro (Corse-du-Sud)","Serra-di-Ferro","arrondissement : 2A1 | canton : Santa-Maria-Siché","1er janvier 1976 : Serra-di-Ferro est rattaché au département (Anc. 20276).","Corse-du-Sud (Corse, département) [d3ntb7h3jn-16it3tcjqcvnn]","2A276","POINT(1183200 6087500)","http://id.insee.fr/geo/commune/2A276 | http://data.ign.fr/id/geofla/commune/2A276 | http://data.alegoria-project.fr/id/ign/unitesadministratives/commune/2A276","Olmeto (Corse-du-Sud) [d3ntgup8ph-2ibrwybqpd4x] | Cognocoli-Monticchi (Corse-du-Sud) [d3ntgudebx--tm8z2cvminwk] | Coti-Chiavari (Corse-du-Sud) [d3ntguehk9--1k2xoswjerylu] | Sollacaro (Corse-du-Sud) [d3ntgv0ppx--hchfhcdd2a3q]"
"place/FRAN_RI_005-d3ntguzlua--iwvf333x3pwu","d3ntguzlua--iwvf333x3pwu","Serra-di-Scopamène (Corse-du-Sud)","Serra-di-Scopamène","arrondissement : 2A4 | canton : Tallano-Scopamène","1er janvier 1976 : Serra-di-Scopamène est rattaché au département (Anc. 20278).","Corse-du-Sud (Corse, département) [d3ntb7h3jn-16it3tcjqcvnn]","2A278","POINT(1207900 6092100)","http://id.insee.fr/geo/commune/2A278 | http://data.ign.fr/id/geofla/commune/2A278 | http://data.alegoria-project.fr/id/ign/unitesadministratives/commune/2A278","Quenza (Corse-du-Sud) [d3ntguvj9e-5h9gfutfxtjl] | Levie (Corse-du-Sud) [d3ntgulfea--1d47vnxcs3o06] | Zoza (Corse-du-Sud) [d3ntgva0p6-yahs0qv33ljn] | Zérubia (Corse-du-Sud) [d3ntgv7uo0--mgkzlcke3ym3] | Altagène (Corse-du-Sud) [d3ntgu2dhi-dtvtbvuplncn] | Aullène (Corse-du-Sud) [d3ntgu52x3--1ik8ujgvrnm1l] | Zicavo (Corse-du-Sud) [d3ntgv8jgf-17ynsaypyo9ij] | Sorbollano (Corse-du-Sud) [d3ntgv1209-r7dxmvltvzd2]"
"place/FRAN_RI_005-d3ntguzxhc--loxsm1hwmfa4","d3ntguzxhc--loxsm1hwmfa4","Serriera (Corse-du-Sud)","Serriera","arrondissement : 2A1 | canton : Les Deux-Sevi","1er janvier 1976 : Serriera est rattaché au département (Anc. 20279).","Corse-du-Sud (Corse, département) [d3ntb7h3jn-16it3tcjqcvnn]","2A279","POINT(1171000 6150500)","http://id.insee.fr/geo/commune/2A279 | http://data.ign.fr/id/geofla/commune/2A279 | http://data.alegoria-project.fr/id/ign/unitesadministratives/commune/2A279","Ota (Corse-du-Sud) [d3ntguqjp7-va5pju7mmuxo] | Partinello (Corse-du-Sud) [d3ntgur7mk--1nq697rtl6afl] | Manso (Haute-Corse) [d3ntgwdozv-1fsd9bj4um8sx] | Galéria (Haute-Corse) [d3ntgw6nhy-13gx3ips4bc7o] | Evisa (Corse-du-Sud) [d3ntgugbiv--1eaugxibowvba]"
"place/FRAN_RI_005-d3ntgv0ckk-1a8acykyz8172","d3ntgv0ckk-1a8acykyz8172","Soccia (Corse-du-Sud)","Soccia","arrondissement : 2A1 | canton : Les Deux-Sorru","1er janvier 1976 : Soccia est rattaché au département (Anc. 20282).","Corse-du-Sud (Corse, département) [d3ntb7h3jn-16it3tcjqcvnn]","2A282","POINT(1188700 6139300)","http://id.insee.fr/geo/commune/2A282 | http://data.ign.fr/id/geofla/commune/2A282 | http://data.alegoria-project.fr/id/ign/unitesadministratives/commune/2A282","Corte (Haute-Corse) [d3ntgw0xus-1gytt3qgcsq95] | Poggiolo (Corse-du-Sud) [d3ntguu3iy-4zai5k00b71o] | Letia (Corse-du-Sud) [d3ntgul3r8--6n7o6mxlhlbq] | Orto (Corse-du-Sud) [d3ntgupw7c-1c3anqn45qrdw]"
"place/FRAN_RI_005-d3ntgv0ppx--hchfhcdd2a3q","d3ntgv0ppx--hchfhcdd2a3q","Sollacaro (Corse-du-Sud)","Sollacaro","arrondissement : 2A4 | canton : Petreto-Bicchisano","1er janvier 1976 : Sollacaro est rattaché au département (Anc. 20284).","Corse-du-Sud (Corse, département) [d3ntb7h3jn-16it3tcjqcvnn]","2A284","POINT(1192500 6089900)","http://id.insee.fr/geo/commune/2A284 | http://data.ign.fr/id/geofla/commune/2A284 | http://data.alegoria-project.fr/id/ign/unitesadministratives/commune/2A284","Casalabriva (Corse-du-Sud) [d3ntguby5z--18ay6dyi92y1j] | Pila-Canale (Corse-du-Sud) [d3ntguts3o--btpwq3liutwm] | Olmeto (Corse-du-Sud) [d3ntgup8ph-2ibrwybqpd4x] | Cognocoli-Monticchi (Corse-du-Sud) [d3ntgudebx--tm8z2cvminwk] | Serra-di-Ferro (Corse-du-Sud) [d3ntguz9zh-yb0s3sh9cchw]"
"place/FRAN_RI_005-d3ntgv1209-r7dxmvltvzd2","d3ntgv1209-r7dxmvltvzd2","Sorbollano (Corse-du-Sud)","Sorbollano","arrondissement : 2A4 | canton : Tallano-Scopamène","1er janvier 1976 : Sorbollano est rattaché au département (Anc. 20285).","Corse-du-Sud (Corse, département) [d3ntb7h3jn-16it3tcjqcvnn]","2A285","POINT(1208800 6092000)","http://id.insee.fr/geo/commune/2A285 | http://data.ign.fr/id/geofla/commune/2A285 | http://data.alegoria-project.fr/id/ign/unitesadministratives/commune/2A285","Serra-di-Scopamène (Corse-du-Sud) [d3ntguzlua--iwvf333x3pwu] | Quenza (Corse-du-Sud) [d3ntguvj9e-5h9gfutfxtjl] | Levie (Corse-du-Sud) [d3ntgulfea--1d47vnxcs3o06]"
"place/FRAN_RI_005-d3ntgv1dv2--lj65r6xm7c0o","d3ntgv1dv2--lj65r6xm7c0o","Sotta (Corse-du-Sud)","Sotta","arrondissement : 2A4 | canton : Figari","1er janvier 1976 : Sotta est rattaché au département (Anc. 20288).","Corse-du-Sud (Corse, département) [d3ntb7h3jn-16it3tcjqcvnn]","2A288","POINT(1217700 6069600)","http://id.insee.fr/geo/commune/2A288 | http://data.ign.fr/id/geofla/commune/2A288 | http://data.alegoria-project.fr/id/ign/unitesadministratives/commune/2A288","Bonifacio (Corse-du-Sud) [d3ntgu895y--u40tikzro3u4] | Levie (Corse-du-Sud) [d3ntgulfea--1d47vnxcs3o06] | Figari (Corse-du-Sud) [d3ntgugogh-ncgmcnf5vdct] | Porto-Vecchio (Corse-du-Sud) [d3ntguuf60--1f5wuc8p2qq7k]"
"place/FRAN_RI_005-d3ntgv3i65--1frk2h3ie95im","d3ntgv3i65--1frk2h3ie95im","Tasso (Corse-du-Sud)","Tasso","arrondissement : 2A1 | canton : Zicavo","1er janvier 1976 : Tasso est rattaché au département (Anc. 20322).","Corse-du-Sud (Corse, département) [d3ntb7h3jn-16it3tcjqcvnn]","2A322","POINT(1206700 6113300)","http://id.insee.fr/geo/commune/2A322 | http://data.ign.fr/id/geofla/commune/2A322 | http://data.alegoria-project.fr/id/ign/unitesadministratives/commune/2A322","Ciamannacce (Corse-du-Sud) [d3ntgucmye-mp3e5d2mg3y] | Zicavo (Corse-du-Sud) [d3ntgv8jgf-17ynsaypyo9ij] | Guitera-les-Bains (Corse-du-Sud) [d3ntgukftu-k3vxadm22y9e] | Sampolo (Corse-du-Sud) [d3ntguxhbg--19e7awj7chtx8] | Bastelica (Corse-du-Sud) [d3ntgu6ifr-1ddi8lucm9y60]"
"place/FRAN_RI_005-d3ntgv3v3r--3scss7nts5se","d3ntgv3v3r--3scss7nts5se","Tavaco (Corse-du-Sud)","Tavaco","arrondissement : 2A1 | canton : Celavo-Mezzana","1er janvier 1976 : Tavaco est rattaché au département (Anc. 20323).","Corse-du-Sud (Corse, département) [d3ntb7h3jn-16it3tcjqcvnn]","2A323","POINT(1188900 6122200)","http://id.insee.fr/geo/commune/2A323 | http://data.ign.fr/id/geofla/commune/2A323 | http://data.alegoria-project.fr/id/ign/unitesadministratives/commune/2A323","Sari-d'Orcino (Corse-du-Sud) [d3ntguy512--1ne3jljrcd1a3] | Carbuccia (Corse-du-Sud) [d3ntgu9xyb-vejxieq4fxw9] | Peri (Corse-du-Sud) [d3ntguruwo-yf0xen84o5db] | Vero (Corse-du-Sud) [d3ntgv6bhf-1eec9o5f7yimf] | Sarrola-Carcopino (Corse-du-Sud) [d3ntguykc1-e7cxoq9kup1x]"
"place/FRAN_RI_005-d3ntgv4amh--qtpgxvpehv33","d3ntgv4amh--qtpgxvpehv33","Tavera (Corse-du-Sud)","Tavera","arrondissement : 2A1 | canton : Celavo-Mezzana","1er janvier 1976 : Tavera est rattaché au département (Anc. 20324).","Corse-du-Sud (Corse, département) [d3ntb7h3jn-16it3tcjqcvnn]","2A324","POINT(1198300 6126500)","http://id.insee.fr/geo/commune/2A324 | http://data.ign.fr/id/geofla/commune/2A324 | http://data.alegoria-project.fr/id/ign/unitesadministratives/commune/2A324","Rezza (Corse-du-Sud) [d3ntguwhj9-1juo0ukidodpz] | Azzana (Corse-du-Sud) [d3ntgu5qmp-1x6gwii4s9nkw] | Bocognano (Corse-du-Sud) [d3ntgu7wg4-qv0ex1uhh6ur] | Ucciani (Corse-du-Sud) [d3ntgv581b-1c0knvutoarrw] | Pastricciola (Corse-du-Sud) [d3ntgurj9m--bu2stmpcwefu] | Bastelica (Corse-du-Sud) [d3ntgu6ifr-1ddi8lucm9y60]"
"place/FRAN_RI_005-d3ntgv4omw--1qy0jjromrffe","d3ntgv4omw--1qy0jjromrffe","Tolla (Corse-du-Sud)","Tolla","arrondissement : 2A1 | canton : Bastelica","1er janvier 1976 : Tolla est rattaché au département (Anc. 20326).","Corse-du-Sud (Corse, département) [d3ntb7h3jn-16it3tcjqcvnn]","2A326","POINT(1195500 6115900)","http://id.insee.fr/geo/commune/2A326 | http://data.ign.fr/id/geofla/commune/2A326 | http://data.alegoria-project.fr/id/ign/unitesadministratives/commune/2A326","Eccica-Suarella (Corse-du-Sud) [d3ntgufwnf-1opocu8p8nb1i] | Peri (Corse-du-Sud) [d3ntguruwo-yf0xen84o5db] | Ocana (Corse-du-Sud) [d3ntguoks4--m5upxiy2bxkt] | Cuttoli-Corticchiato (Corse-du-Sud) [d3ntgufl0d-kyp0kctm7mia] | Bastelica (Corse-du-Sud) [d3ntgu6ifr-1ddi8lucm9y60]"
"place/FRAN_RI_005-d3ntgv581b-1c0knvutoarrw","d3ntgv581b-1c0knvutoarrw","Ucciani (Corse-du-Sud)","Ucciani","arrondissement : 2A1 | canton : Celavo-Mezzana","1er janvier 1976 : Ucciani est rattaché au département (Anc. 20330).","Corse-du-Sud (Corse, département) [d3ntb7h3jn-16it3tcjqcvnn]","2A330","POINT(1195500 6123600)","http://id.insee.fr/geo/commune/2A330 | http://data.ign.fr/id/geofla/commune/2A330 | http://data.alegoria-project.fr/id/ign/unitesadministratives/commune/2A330","Azzana (Corse-du-Sud) [d3ntgu5qmp-1x6gwii4s9nkw] | Carbuccia (Corse-du-Sud) [d3ntgu9xyb-vejxieq4fxw9] | Peri (Corse-du-Sud) [d3ntguruwo-yf0xen84o5db] | Tavera (Corse-du-Sud) [d3ntgv4amh--qtpgxvpehv33] | Vero (Corse-du-Sud) [d3ntgv6bhf-1eec9o5f7yimf] | Bastelica (Corse-du-Sud) [d3ntgu6ifr-1ddi8lucm9y60]"
"place/FRAN_RI_005-d3ntgv5m9h-175hy2znf6cqq","d3ntgv5m9h-175hy2znf6cqq","Urbalacone (Corse-du-Sud)","Urbalacone","arrondissement : 2A1 | canton : Santa-Maria-Siché","1er janvier 1976 : Urbalacone est rattaché au département (Anc. 20331).","Corse-du-Sud (Corse, département) [d3ntb7h3jn-16it3tcjqcvnn]","2A331","POINT(1194700 6100400)","http://id.insee.fr/geo/commune/2A331 | http://data.ign.fr/id/geofla/commune/2A331 | http://data.alegoria-project.fr/id/ign/unitesadministratives/commune/2A331","Guargualé (Corse-du-Sud) [d3ntguk4ek-dp3wxio5y9fm] | Albitreccia (Corse-du-Sud) [d3ntgu21ug-1nj1o9ynk66sx] | Petreto-Bicchisano (Corse-du-Sud) [d3ntgus770--ppwlpkh0ii0p] | Zigliara (Corse-du-Sud) [d3ntgv92fb-1o0bfzkhjsfdg] | Cardo-Torgia (Corse-du-Sud) [d3ntguajic--1f0cv8hbbusd8]"
"place/FRAN_RI_005-d3ntgv5yrk--gol2vgq0vso6","d3ntgv5yrk--gol2vgq0vso6","Valle-di-Mezzana (Corse-du-Sud)","Valle-di-Mezzana","arrondissement : 2A1 | canton : Celavo-Mezzana","1er janvier 1976 : Valle-di-Mezzana est rattaché au département (Anc. 20336).","Corse-du-Sud (Corse, département) [d3ntb7h3jn-16it3tcjqcvnn]","2A336","POINT(1182900 6120600)","http://id.insee.fr/geo/commune/2A336 | http://data.ign.fr/id/geofla/commune/2A336 | http://data.alegoria-project.fr/id/ign/unitesadministratives/commune/2A336","Cannelle (Corse-du-Sud) [d3ntgu99do-1ndhtdovpvht1] | Calcatoggio (Corse-du-Sud) [d3ntgu8l8j--1tsj1yy6w1mzk] | Sant'Andréa-d'Orcino (Corse-du-Sud) [d3ntgv1ppv-1tweicluidwzc] | Sarrola-Carcopino (Corse-du-Sud) [d3ntguykc1-e7cxoq9kup1x] | Appietto (Corse-du-Sud) [d3ntgu30zd--18gkkw976ri8o]"
"place/FRAN_RI_005-d3ntgv6bhf-1eec9o5f7yimf","d3ntgv6bhf-1eec9o5f7yimf","Vero (Corse-du-Sud)","Vero","arrondissement : 2A1 | canton : Celavo-Mezzana","1er janvier 1976 : Polveroso est rattaché au département (Anc. 20243).Vero est rattaché au département (Anc. 20345).","Corse-du-Sud (Corse, département) [d3ntb7h3jn-16it3tcjqcvnn]","2A345","POINT(1191500 6125400)","http://id.insee.fr/geo/commune/2A345 | http://data.ign.fr/id/geofla/commune/2A345 | http://data.alegoria-project.fr/id/ign/unitesadministratives/commune/2A345","Tavaco (Corse-du-Sud) [d3ntgv3v3r--3scss7nts5se] | Azzana (Corse-du-Sud) [d3ntgu5qmp-1x6gwii4s9nkw] | Sari-d'Orcino (Corse-du-Sud) [d3ntguy512--1ne3jljrcd1a3] | Carbuccia (Corse-du-Sud) [d3ntgu9xyb-vejxieq4fxw9] | Lopigna (Corse-du-Sud) [d3ntgulrwd--fas8i09eibvh] | Salice (Corse-du-Sud) [d3ntgux5gn-1muibe2hb7bj0] | Ucciani (Corse-du-Sud) [d3ntgv581b-1c0knvutoarrw]"
"place/FRAN_RI_005-d3ntgv6o79--13v37nn375s2k","d3ntgv6o79--13v37nn375s2k","Vico (Corse-du-Sud)","Vico","arrondissement : 2A1 | canton : Les Deux-Sorru","1er janvier 1976 : Vico est rattaché au département (Anc. 20348).","Corse-du-Sud (Corse, département) [d3ntb7h3jn-16it3tcjqcvnn]","2A348","POINT(1179600 6136000)","http://id.insee.fr/geo/commune/2A348 | http://data.ign.fr/id/geofla/commune/2A348 | http://data.alegoria-project.fr/id/ign/unitesadministratives/commune/2A348","Coggia (Corse-du-Sud) [d3ntgud1eb--1xxcqffppvuw2] | Arbori (Corse-du-Sud) [d3ntgu3oh7--z7nbj3bfk1i6] | Cargèse (Corse-du-Sud) [d3ntguaw86-w6g744co1c6d] | Murzo (Corse-du-Sud) [d3ntguo8pj-1drppzlykphok] | Renno (Corse-du-Sud) [d3ntguw4dw--rfr7k1jwg03v] | Letia (Corse-du-Sud) [d3ntgul3r8--6n7o6mxlhlbq] | Marignana (Corse-du-Sud) [d3ntgumfe8--7lot01fbd2eo] | Balogna (Corse-du-Sud) [d3ntgu65ae--oo9ivz65mxt8]"
"place/FRAN_RI_005-d3ntgv74l1-1r9wi1jesgoue","d3ntgv74l1-1r9wi1jesgoue","Viggianello (Corse-du-Sud)","Viggianello","arrondissement : 2A4 | canton : Olmeto","1er janvier 1976 : Viggianello est rattaché au département (Anc. 20349).","Corse-du-Sud (Corse, département) [d3ntb7h3jn-16it3tcjqcvnn]","2A349","POINT(1196300 6083100)","http://id.insee.fr/geo/commune/2A349 | http://data.ign.fr/id/geofla/commune/2A349 | http://data.alegoria-project.fr/id/ign/unitesadministratives/commune/2A349","Olmeto (Corse-du-Sud) [d3ntgup8ph-2ibrwybqpd4x] | Sartène (Corse-du-Sud) [d3ntguyx9n--16956q41dssko] | Arbellara (Corse-du-Sud) [d3ntgu3d9o--df8rwiov05q] | Propriano (Corse-du-Sud) [d3ntguurgc--iykdtm82wlgz] | Fozzano (Corse-du-Sud) [d3ntguhpj8--10on193y6j31j]"
"place/FRAN_RI_005-d3ntgv7hy5-154n2lv24nf2x","d3ntgv7hy5-154n2lv24nf2x","Villanova (Corse-du-Sud)","Villanova","arrondissement : 2A1 | canton : Ajaccio 7e Canton","1er janvier 1976 : Villanova est rattaché au département (Anc. 20351).","Corse-du-Sud (Corse, département) [d3ntb7h3jn-16it3tcjqcvnn]","2A351","POINT(1170400 6112300)","http://id.insee.fr/geo/commune/2A351 | http://data.ign.fr/id/geofla/commune/2A351 | http://data.alegoria-project.fr/id/ign/unitesadministratives/commune/2A351","Alata (Corse-du-Sud) [d3ntgu1pzn-1nqghomiwjj06] | Ajaccio (Corse-du-Sud) [d3ntgu1ecl--obj9vm5rr46m]"
"place/FRAN_RI_005-d3ntgv7uo0--mgkzlcke3ym3","d3ntgv7uo0--mgkzlcke3ym3","Zérubia (Corse-du-Sud)","Zérubia","arrondissement : 2A4 | canton : Tallano-Scopamène","1er janvier 1976 : Zérubia est rattaché au département (Anc. 20357).","Corse-du-Sud (Corse, département) [d3ntb7h3jn-16it3tcjqcvnn]","2A357","POINT(1206000 6091800)","http://id.insee.fr/geo/commune/2A357 | http://data.ign.fr/id/geofla/commune/2A357 | http://data.alegoria-project.fr/id/ign/unitesadministratives/commune/2A357","Serra-di-Scopamène (Corse-du-Sud) [d3ntguzlua--iwvf333x3pwu] | Santa-Maria-Figaniella (Corse-du-Sud) [d3ntgv2sio--1n0ee2b985ddf] | Zoza (Corse-du-Sud) [d3ntgva0p6-yahs0qv33ljn] | Aullène (Corse-du-Sud) [d3ntgu52x3--1ik8ujgvrnm1l] | Moca-Croce (Corse-du-Sud) [d3ntgunb2y-1b98a05gaersq] | Cargiaca (Corse-du-Sud) [d3ntgub830-njo4a4lpskf]"
"place/FRAN_RI_005-d3ntgv86yc--tbjg186f2d3q","d3ntgv86yc--tbjg186f2d3q","Zévaco (Corse-du-Sud)","Zévaco","arrondissement : 2A1 | canton : Zicavo","1er janvier 1976 : Zévaco est rattaché au département (Anc. 20358).","Corse-du-Sud (Corse, département) [d3ntb7h3jn-16it3tcjqcvnn]","2A358","POINT(1202600 6107200)","http://id.insee.fr/geo/commune/2A358 | http://data.ign.fr/id/geofla/commune/2A358 | http://data.alegoria-project.fr/id/ign/unitesadministratives/commune/2A358","Corrano (Corse-du-Sud) [d3ntgue4uf-3pc94kmeq35i] | Forciolo (Corse-du-Sud) [d3ntguhc63--1vnvceunzpo28] | Frasseto (Corse-du-Sud) [d3ntgui1e1-8up8uikjfb28] | Guitera-les-Bains (Corse-du-Sud) [d3ntgukftu-k3vxadm22y9e] | Azilone-Ampaza (Corse-du-Sud) [d3ntgu5ek5-177r527beixef] | Olivese (Corse-du-Sud) [d3ntguowf5-1qp2e21ag808a]"
"place/FRAN_RI_005-d3ntgv8jgf-17ynsaypyo9ij","d3ntgv8jgf-17ynsaypyo9ij","Zicavo (Corse-du-Sud)","Zicavo","arrondissement : 2A1 | canton : Zicavo","1er janvier 1976 : Zicavo est rattaché au département (Anc. 20359).","Corse-du-Sud (Corse, département) [d3ntb7h3jn-16it3tcjqcvnn]","2A359","POINT(1209200 6109400)","http://id.insee.fr/geo/commune/2A359 | http://data.ign.fr/id/geofla/commune/2A359 | http://data.alegoria-project.fr/id/ign/unitesadministratives/commune/2A359","Ciamannacce (Corse-du-Sud) [d3ntgucmye-mp3e5d2mg3y] | Serra-di-Scopamène (Corse-du-Sud) [d3ntguzlua--iwvf333x3pwu] | Quenza (Corse-du-Sud) [d3ntguvj9e-5h9gfutfxtjl] | Cozzano (Corse-du-Sud) [d3ntguetf3--1kaci7ker5at3] | Corrano (Corse-du-Sud) [d3ntgue4uf-3pc94kmeq35i] | Aullène (Corse-du-Sud) [d3ntgu52x3--1ik8ujgvrnm1l] |  [] | Guitera-les-Bains (Corse-du-Sud) [d3ntgukftu-k3vxadm22y9e] | Tasso (Corse-du-Sud) [d3ntgv3i65--1frk2h3ie95im] | Olivese (Corse-du-Sud) [d3ntguowf5-1qp2e21ag808a] | Sampolo (Corse-du-Sud) [d3ntguxhbg--19e7awj7chtx8] | Solaro (Haute-Corse) [d3ntgxdlhp-1vmnpim22km8u]"
"place/FRAN_RI_005-d3ntgv92fb-1o0bfzkhjsfdg","d3ntgv92fb-1o0bfzkhjsfdg","Zigliara (Corse-du-Sud)","Zigliara","arrondissement : 2A1 | canton : Santa-Maria-Siché","1er janvier 1976 : Zigliara est rattaché au département (Anc. 20360).","Corse-du-Sud (Corse, département) [d3ntb7h3jn-16it3tcjqcvnn]","2A360","POINT(1198400 6101700)","http://id.insee.fr/geo/commune/2A360 | http://data.ign.fr/id/geofla/commune/2A360 | http://data.alegoria-project.fr/id/ign/unitesadministratives/commune/2A360","Urbalacone (Corse-du-Sud) [d3ntgv5m9h-175hy2znf6cqq] | Petreto-Bicchisano (Corse-du-Sud) [d3ntgus770--ppwlpkh0ii0p] | Santa-Maria-Siché (Corse-du-Sud) [d3ntgv35ga-12sxrh5z3ohz7] | Forciolo (Corse-du-Sud) [d3ntguhc63--1vnvceunzpo28] | Cardo-Torgia (Corse-du-Sud) [d3ntguajic--1f0cv8hbbusd8] | Moca-Croce (Corse-du-Sud) [d3ntgunb2y-1b98a05gaersq] | Azilone-Ampaza (Corse-du-Sud) [d3ntgu5ek5-177r527beixef] | Argiusta-Moriccio (Corse-du-Sud) [d3ntgu49th--1w96p3eqbs3az]"
"place/FRAN_RI_005-d3ntgv9mor--ha9id6d15hur","d3ntgv9mor--ha9id6d15hur","Zonza (Corse-du-Sud)","Zonza","arrondissement : 2A4 | canton : Levie","1er janvier 1976 : Zonza est rattaché au département (Anc. 20362).","Corse-du-Sud (Corse, département) [d3ntb7h3jn-16it3tcjqcvnn]","2A362","POINT(1213900 6092100)","http://id.insee.fr/geo/commune/2A362 | http://data.ign.fr/id/geofla/commune/2A362 | http://data.alegoria-project.fr/id/ign/unitesadministratives/commune/2A362","Lecci (Corse-du-Sud) [d3ntguks46--13q73o2rdz75i] | Quenza (Corse-du-Sud) [d3ntguvj9e-5h9gfutfxtjl] | Conca (Corse-du-Sud) [d3ntgudq6q-30gp6fyma6yi] | San-Gavino-di-Carbini (Corse-du-Sud) [d3ntgv21ko--11whmgl5qzhxb]"
"place/FRAN_RI_005-d3ntgva0p6-yahs0qv33ljn","d3ntgva0p6-yahs0qv33ljn","Zoza (Corse-du-Sud)","Zoza","arrondissement : 2A4 | canton : Tallano-Scopamène","1er janvier 1976 : Zoza est rattaché au département (Anc. 20363).","Corse-du-Sud (Corse, département) [d3ntb7h3jn-16it3tcjqcvnn]","2A363","POINT(1205800 6087900)","http://id.insee.fr/geo/commune/2A363 | http://data.ign.fr/id/geofla/commune/2A363 | http://data.alegoria-project.fr/id/ign/unitesadministratives/commune/2A363","Serra-di-Scopamène (Corse-du-Sud) [d3ntguzlua--iwvf333x3pwu] | Levie (Corse-du-Sud) [d3ntgulfea--1d47vnxcs3o06] | Zérubia (Corse-du-Sud) [d3ntgv7uo0--mgkzlcke3ym3] | Altagène (Corse-du-Sud) [d3ntgu2dhi-dtvtbvuplncn] | Sainte-Lucie-de-Tallano (Corse-du-Sud) [d3ntgv2dn8-1dfgvl974hjrk] | Cargiaca (Corse-du-Sud) [d3ntgub830-njo4a4lpskf]"